date,stock_id,MarginShortSalesPreviousDayBalance,MarginShortSalesShortSales,MarginShortSalesShortCovering,MarginShortSalesStockRedemption,MarginShortSalesCurrentDayBalance,MarginShortSalesQuota,SBLShortSalesPreviousDayBalance,SBLShortSalesShortSales,SBLShortSalesReturns,SBLShortSalesAdjustments,SBLShortSalesCurrentDayBalance,SBLShortSalesQuota,SBLShortSalesShortCovering,Foreign_Investor_Buy,Foreign_Investor_Sell,Investment_Trust_Buy,Investment_Trust_Sell,Dealer_Self_Buy,Dealer_Self_Sell,Dealer_Hedging_Buy,Dealer_Hedging_Sell
2021-01-04,0050,205000,0,19000,0,186000,236375000,36308000,522000,0,0,36830000,1712856,0,272901.0,908290.0,272901.0,908290.0,272901.0,908290.0,272901.0,908290.0
2021-01-05,0050,186000,0,0,0,186000,236375000,36830000,133000,0,0,36963000,1704480,0,239870.0,418262.0,239870.0,418262.0,239870.0,418262.0,239870.0,418262.0
2021-01-06,0050,186000,0,4000,0,182000,236375000,36963000,544000,0,0,37507000,1751261,0,1092981.0,2452330.0,1092981.0,2452330.0,1092981.0,2452330.0,1092981.0,2452330.0
2021-01-07,0050,182000,0,3000,0,179000,236000000,37507000,7000,1094000,0,36420000,1778054,0,211273.0,1571200.0,211273.0,1571200.0,211273.0,1571200.0,211273.0,1571200.0
2021-01-08,0050,179000,0,7000,0,172000,230500000,36420000,0,0,0,36420000,1885427,0,34699.0,7360000.0,34699.0,7360000.0,34699.0,7360000.0,34699.0,7360000.0
2021-01-11,0050,172000,2000,4000,0,170000,231750000,36420000,212000,420000,0,36212000,1937055,0,1037889.0,2809000.0,1037889.0,2809000.0,1037889.0,2809000.0,1037889.0,2809000.0
2021-01-12,0050,170000,1000,13000,0,158000,231375000,36212000,88000,806000,0,35494000,1953587,0,212645.0,1866292.0,212645.0,1866292.0,212645.0,1866292.0,212645.0,1866292.0
2021-01-13,0050,158000,0,3000,0,155000,231375000,35494000,1716000,25000,0,37185000,2011743,0,659031.0,1981050.0,659031.0,1981050.0,659031.0,1981050.0,659031.0,1981050.0
2021-01-14,0050,155000,1000,33000,0,123000,229375000,37185000,326000,248000,0,37263000,2074326,0,192447.0,7080020.0,192447.0,7080020.0,192447.0,7080020.0,192447.0,7080020.0
2021-01-15,0050,123000,10000,46000,0,87000,229375000,37263000,20000,2224000,0,35059000,2233884,0,420817.0,9008000.0,420817.0,9008000.0,420817.0,9008000.0,420817.0,9008000.0
2021-01-18,0050,87000,0,61000,20000,6000,230125000,35059000,35000,1342000,0,33752000,2255322,0,569641.0,5841285.0,569641.0,5841285.0,569641.0,5841285.0,569641.0,5841285.0
2021-01-19,0050,6000,0,0,6000,0,223875000,33752000,0,3575000,0,30177000,2309349,0,255300.0,4670000.0,255300.0,4670000.0,255300.0,4670000.0,255300.0,4670000.0
2021-01-20,0050,0,0,0,0,0,218125000,30177000,213000,293000,0,30097000,2549002,0,15691525.0,14356000.0,15691525.0,14356000.0,15691525.0,14356000.0,15691525.0,14356000.0
2021-01-21,0050,0,0,0,0,0,216250000,30097000,0,4478000,0,25619000,2626274,0,1437990.0,2080000.0,1437990.0,2080000.0,1437990.0,2080000.0,1437990.0,2080000.0
2021-01-22,0050,0,14000,0,0,14000,217750000,25619000,0,0,0,25619000,2789236,0,1013920.0,6257280.0,1013920.0,6257280.0,1013920.0,6257280.0,1013920.0,6257280.0
2021-01-25,0050,14000,42000,0,0,56000,218875000,25619000,0,90000,0,25529000,2883836,0,1610855.0,5299282.0,1610855.0,5299282.0,1610855.0,5299282.0,1610855.0,5299282.0
2021-01-26,0050,56000,14000,4000,0,66000,218875000,25529000,136000,400000,0,25265000,3009836,0,907569.0,5247687.0,907569.0,5247687.0,907569.0,5247687.0,907569.0,5247687.0
2021-01-27,0050,66000,30000,12000,0,84000,221000000,25265000,287000,0,0,25552000,2994429,0,1744521.0,1507405.0,1744521.0,1507405.0,1744521.0,1507405.0,1744521.0,1507405.0
2021-01-28,0050,84000,14000,11000,0,87000,221000000,25552000,80000,0,0,25632000,3013024,0,1638192.0,6403144.0,1638192.0,6403144.0,1638192.0,6403144.0,1638192.0,6403144.0
2021-01-29,0050,87000,31000,12000,0,106000,226250000,25632000,80000,0,0,25712000,3130107,0,1130567.0,6230533.0,1130567.0,6230533.0,1130567.0,6230533.0,1130567.0,6230533.0
2021-02-01,0050,106000,12000,4000,0,114000,226250000,25712000,70000,176000,0,25606000,3249356,0,1107641.0,2521976.0,1107641.0,2521976.0,1107641.0,2521976.0,1107641.0,2521976.0
2021-02-02,0050,114000,20000,18000,0,116000,226250000,25606000,13000,143000,0,25476000,3317281,0,1046802.0,588338.0,1046802.0,588338.0,1046802.0,588338.0,1046802.0,588338.0
2021-02-03,0050,116000,2000,4000,0,114000,226250000,25476000,150000,182000,0,25444000,3331962,0,772209.0,515844.0,772209.0,515844.0,772209.0,515844.0,772209.0,515844.0
2021-02-04,0050,114000,9000,3000,11000,109000,226250000,25444000,93000,2000,0,25535000,3357327,0,847225.0,625480.0,847225.0,625480.0,847225.0,625480.0,847225.0,625480.0
2021-02-05,0050,109000,7000,1000,0,115000,226250000,25535000,81000,2020000,0,23596000,3423504,0,1320061.0,1078270.0,1320061.0,1078270.0,1320061.0,1078270.0,1320061.0,1078270.0
2021-02-17,0050,115000,12000,15000,0,112000,226250000,23596000,220000,0,0,23816000,3587802,0,2717659.0,1689029.0,2717659.0,1689029.0,2717659.0,1689029.0,2717659.0,1689029.0
2021-02-18,0050,112000,5000,15000,0,102000,227500000,23816000,30000,352000,0,23494000,3660894,0,855998.0,1115205.0,855998.0,1115205.0,855998.0,1115205.0,855998.0,1115205.0
2021-02-19,0050,102000,3000,3000,0,102000,227500000,23494000,40000,553000,0,22981000,3722400,0,527901.0,3421692.0,527901.0,3421692.0,527901.0,3421692.0,527901.0,3421692.0
2021-02-22,0050,102000,12000,5000,0,109000,226250000,22981000,140000,1000,0,23120000,3738944,0,618842.0,556958.0,618842.0,556958.0,618842.0,556958.0,618842.0,556958.0
2021-02-23,0050,109000,24000,11000,0,122000,226250000,23120000,10000,3000,0,23127000,3760753,0,314533.0,1805890.0,314533.0,1805890.0,314533.0,1805890.0,314533.0,1805890.0
2021-02-24,0050,122000,7000,13000,0,116000,226250000,23127000,160000,2000,0,23285000,3809949,0,1367265.0,2938890.0,1367265.0,2938890.0,1367265.0,2938890.0,1367265.0,2938890.0
2021-02-25,0050,116000,0,13000,0,103000,226250000,23285000,140000,0,0,23425000,3864008,0,6495175.0,714553.0,6495175.0,714553.0,6495175.0,714553.0,6495175.0,714553.0
2021-02-26,0050,103000,1000,26000,0,78000,232375000,23425000,70000,0,0,23495000,4032670,0,238490.0,18626796.0,238490.0,18626796.0,238490.0,18626796.0,238490.0,18626796.0
2021-03-02,0050,78000,17000,2000,0,93000,231625000,23495000,518000,0,0,24013000,4039050,0,332233.0,1878000.0,332233.0,1878000.0,332233.0,1878000.0,332233.0,1878000.0
2021-03-03,0050,93000,5000,13000,0,85000,232250000,24013000,40000,0,0,24053000,3992033,0,1614440.0,1251252.0,1614440.0,1251252.0,1614440.0,1251252.0,1614440.0,1251252.0
2021-03-04,0050,85000,18000,4000,0,99000,234875000,24053000,50000,2000,0,24101000,4063518,0,564686.0,10844292.0,564686.0,10844292.0,564686.0,10844292.0,564686.0,10844292.0
2021-03-05,0050,99000,18000,14000,0,103000,235875000,24101000,10000,24000,0,24087000,4098501,0,850829.0,5611102.0,850829.0,5611102.0,850829.0,5611102.0,850829.0,5611102.0
2021-03-08,0050,103000,35000,2000,3000,133000,237875000,24087000,0,181000,0,23906000,4113625,0,190584.0,3639663.0,190584.0,3639663.0,190584.0,3639663.0,190584.0,3639663.0
2021-03-09,0050,133000,5000,6000,0,132000,239375000,23906000,0,0,0,23906000,4127279,0,1373365.0,7960344.0,1373365.0,7960344.0,1373365.0,7960344.0,1373365.0,7960344.0
2021-03-10,0050,132000,8000,16000,0,124000,243625000,23906000,2000,0,0,23908000,3964037,0,145119.0,1625225.0,145119.0,1625225.0,145119.0,1625225.0,145119.0,1625225.0
2021-03-11,0050,124000,3000,15000,0,112000,243625000,23908000,0,0,0,23908000,3912518,0,1527875.0,1317000.0,1527875.0,1317000.0,1527875.0,1317000.0,1527875.0,1317000.0
2021-03-12,0050,112000,17000,10000,0,119000,243625000,23908000,0,300000,0,23608000,3846905,0,489125.0,327007.0,489125.0,327007.0,489125.0,327007.0,489125.0,327007.0
2021-03-15,0050,119000,3000,3000,0,119000,243375000,23608000,0,0,0,23608000,3581754,0,101691.0,546118.0,101691.0,546118.0,101691.0,546118.0,101691.0,546118.0
2021-03-16,0050,119000,12000,10000,0,121000,243375000,23608000,0,50000,0,23558000,3510140,0,2083710.0,484005.0,2083710.0,484005.0,2083710.0,484005.0,2083710.0,484005.0
2021-03-17,0050,121000,14000,1000,0,134000,243500000,23558000,26000,450000,0,23134000,3332232,0,396822.0,2265000.0,396822.0,2265000.0,396822.0,2265000.0,396822.0,2265000.0
2021-03-18,0050,134000,3000,6000,0,131000,243500000,23134000,0,210000,0,22924000,3260155,0,2014193.0,412200.0,2014193.0,412200.0,2014193.0,412200.0,2014193.0,412200.0
2021-03-19,0050,131000,6000,26000,0,111000,243500000,22924000,110000,100000,0,22934000,3216273,0,273366.0,6324679.0,273366.0,6324679.0,273366.0,6324679.0,273366.0,6324679.0
2021-03-22,0050,111000,16000,9000,0,118000,244500000,22934000,0,1100000,0,21834000,3190136,0,420710.0,1179050.0,420710.0,1179050.0,420710.0,1179050.0,420710.0,1179050.0
2021-03-23,0050,118000,26000,1000,0,143000,243750000,21834000,0,1628000,0,20206000,3107649,0,1290237.0,539623.0,1290237.0,539623.0,1290237.0,539623.0,1290237.0,539623.0
2021-03-24,0050,143000,13000,35000,0,121000,243750000,20206000,0,451000,0,19755000,3071378,0,290018.0,7875601.0,290018.0,7875601.0,290018.0,7875601.0,290018.0,7875601.0
2021-03-25,0050,121000,11000,0,0,132000,244750000,19755000,0,0,0,19755000,2978136,0,188958.0,1519765.0,188958.0,1519765.0,188958.0,1519765.0,188958.0,1519765.0
2021-03-26,0050,132000,48000,1000,0,179000,244750000,19755000,0,50000,0,19705000,2947536,0,2514447.0,181347.0,2514447.0,181347.0,2514447.0,181347.0,2514447.0,181347.0
2021-03-29,0050,179000,17000,7000,0,189000,244750000,19705000,0,460000,0,19245000,2957595,0,1228993.0,60930.0,1228993.0,60930.0,1228993.0,60930.0,1228993.0,60930.0
2021-03-30,0050,189000,4000,22000,0,171000,244750000,19245000,0,450000,0,18795000,2939135,0,444273.0,310120.0,444273.0,310120.0,444273.0,310120.0,444273.0,310120.0
2021-03-31,0050,171000,3000,1000,0,173000,244375000,18795000,0,671000,0,18124000,2926263,0,251050.0,3789179.0,251050.0,3789179.0,251050.0,3789179.0,251050.0,3789179.0
2021-04-01,0050,173000,3000,4000,0,172000,244375000,18124000,51000,0,0,18175000,2807379,0,4477269.0,17050.0,4477269.0,17050.0,4477269.0,17050.0,4477269.0,17050.0
2021-04-06,0050,172000,0,2000,0,170000,244375000,18175000,0,0,0,18175000,2794722,0,948826.0,383304.0,948826.0,383304.0,948826.0,383304.0,948826.0,383304.0
2021-04-07,0050,170000,0,2000,0,168000,242875000,18175000,0,0,0,18175000,2746224,0,121782.0,349450.0,121782.0,349450.0,121782.0,349450.0,121782.0,349450.0
2021-04-08,0050,168000,2000,1000,0,169000,242875000,18175000,0,0,0,18175000,2739334,0,395390.0,973098.0,395390.0,973098.0,395390.0,973098.0,395390.0,973098.0
2021-04-09,0050,169000,0,5000,0,164000,242875000,18175000,0,40000,0,18135000,2696696,0,204572.0,470589.0,204572.0,470589.0,204572.0,470589.0,204572.0,470589.0
2021-04-12,0050,164000,0,0,0,164000,242875000,18135000,0,0,0,18135000,2645881,0,109368.0,3201356.0,109368.0,3201356.0,109368.0,3201356.0,109368.0,3201356.0
2021-04-13,0050,164000,0,0,0,164000,241750000,18135000,2000,0,0,18137000,2600435,0,104277.0,84121.0,104277.0,84121.0,104277.0,84121.0,104277.0,84121.0
2021-04-14,0050,164000,4000,1000,0,167000,241750000,18137000,88000,0,0,18225000,2389258,0,588701.0,1988471.0,588701.0,1988471.0,588701.0,1988471.0,588701.0,1988471.0
2021-04-15,0050,167000,0,0,0,167000,241125000,18225000,49000,86000,0,18188000,2392273,0,1827030.0,1300967.0,1827030.0,1300967.0,1827030.0,1300967.0,1827030.0,1300967.0
2021-04-16,0050,167000,0,0,0,167000,240875000,18188000,20000,0,0,18208000,2419615,0,7078274.0,667975.0,7078274.0,667975.0,7078274.0,667975.0,7078274.0,667975.0
2021-04-19,0050,167000,1000,7000,0,161000,240500000,18208000,0,0,0,18208000,2325413,0,5542532.0,315504.0,5542532.0,315504.0,5542532.0,315504.0,5542532.0,315504.0
2021-04-20,0050,161000,0,0,0,161000,240500000,18208000,0,0,0,18208000,2227180,0,1783523.0,312479.0,1783523.0,312479.0,1783523.0,312479.0,1783523.0,312479.0
2021-04-21,0050,161000,1000,0,0,162000,238000000,18208000,335000,50000,0,18493000,2183910,0,290181.0,637769.0,290181.0,637769.0,290181.0,637769.0,290181.0,637769.0
2021-04-22,0050,162000,1000,4000,0,159000,238000000,18493000,75000,22000,0,18546000,2087871,0,1567859.0,68180.0,1567859.0,68180.0,1567859.0,68180.0,1567859.0,68180.0
2021-04-23,0050,159000,2000,0,0,161000,245500000,18546000,1017000,0,0,19563000,2093061,0,2946846.0,2111377.0,2946846.0,2111377.0,2946846.0,2111377.0,2946846.0,2111377.0
2021-04-26,0050,161000,0,8000,0,153000,238000000,19563000,0,0,0,19563000,2121772,0,7523010.0,338220.0,7523010.0,338220.0,7523010.0,338220.0,7523010.0,338220.0
2021-04-27,0050,153000,0,0,0,153000,238000000,19563000,34000,100000,0,19497000,2132270,0,4954167.0,204100.0,4954167.0,204100.0,4954167.0,204100.0,4954167.0,204100.0
2021-04-28,0050,153000,0,0,0,153000,243750000,19497000,0,0,0,19497000,2124818,0,581776.0,778345.0,581776.0,778345.0,581776.0,778345.0,581776.0,778345.0
2021-04-29,0050,153000,4000,0,0,157000,245500000,19497000,0,0,0,19497000,2146395,0,3644609.0,297501.0,3644609.0,297501.0,3644609.0,297501.0,3644609.0,297501.0
2021-05-03,0050,157000,0,0,0,157000,244250000,19497000,249000,0,0,19746000,2150416,0,1057326.0,1111642.0,1057326.0,1111642.0,1057326.0,1111642.0,1057326.0,1111642.0
2021-05-04,0050,157000,0,5000,0,152000,244250000,19746000,197000,328000,0,19615000,2218220,0,411135.0,4270000.0,411135.0,4270000.0,411135.0,4270000.0,411135.0,4270000.0
2021-05-05,0050,152000,0,0,0,152000,300500000,19615000,1000,0,0,19616000,2204754,0,555402.0,4146804.0,555402.0,4146804.0,555402.0,4146804.0,555402.0,4146804.0
2021-05-06,0050,152000,0,2000,0,150000,289000000,19616000,217000,0,0,19833000,2231811,0,468779.0,2318045.0,468779.0,2318045.0,468779.0,2318045.0,468779.0,2318045.0
2021-05-07,0050,150000,9000,0,0,159000,289000000,19833000,0,429000,0,19404000,2233552,0,126437.0,1071066.0,126437.0,1071066.0,126437.0,1071066.0,126437.0,1071066.0
2021-05-10,0050,159000,0,0,0,159000,295625000,19404000,52000,0,0,19456000,2167635,0,1142298.0,693399.0,1142298.0,693399.0,1142298.0,693399.0,1142298.0,693399.0
2021-05-11,0050,159000,0,15000,0,144000,303500000,19456000,292000,0,0,19748000,2384307,0,805568.0,14537420.0,805568.0,14537420.0,805568.0,14537420.0,805568.0,14537420.0
2021-05-12,0050,144000,9000,57000,0,96000,295125000,19748000,2304000,299000,0,21753000,2703818,0,2654149.0,14708200.0,2654149.0,14708200.0,2654149.0,14708200.0,2654149.0,14708200.0
2021-05-13,0050,96000,42000,5000,0,133000,302000000,21753000,942000,41000,0,22654000,2901590,0,909847.0,12877096.0,909847.0,12877096.0,909847.0,12877096.0,909847.0,12877096.0
2021-05-14,0050,133000,42000,18000,0,157000,302875000,22654000,687000,412000,0,22929000,3010119,0,1097037.0,4792000.0,1097037.0,4792000.0,1097037.0,4792000.0,1097037.0,4792000.0
2021-05-17,0050,157000,20000,22000,0,155000,307500000,22929000,181000,0,0,23110000,3256884,0,1331066.0,10170604.0,1331066.0,10170604.0,1331066.0,10170604.0,1331066.0,10170604.0
2021-05-18,0050,155000,30000,14000,0,171000,307500000,23110000,119000,0,0,23229000,3348808,0,752656.0,2148023.0,752656.0,2148023.0,752656.0,2148023.0,752656.0,2148023.0
2021-05-19,0050,171000,20000,27000,0,164000,309000000,23229000,541000,0,0,23770000,3425350,0,465188.0,7841430.0,465188.0,7841430.0,465188.0,7841430.0,465188.0,7841430.0
2021-05-20,0050,164000,61000,17000,0,208000,310375000,23770000,601000,0,0,24371000,3478376,0,1384969.0,2786000.0,1384969.0,2786000.0,1384969.0,2786000.0,1384969.0,2786000.0
2021-05-21,0050,208000,3000,4000,0,207000,310375000,24371000,88000,0,0,24459000,3516184,0,4006939.0,1872000.0,4006939.0,1872000.0,4006939.0,1872000.0,4006939.0,1872000.0
2021-05-24,0050,207000,0,11000,0,196000,311625000,24459000,0,0,0,24459000,3582314,0,436585.0,6998149.0,436585.0,6998149.0,436585.0,6998149.0,436585.0,6998149.0
2021-05-25,0050,196000,10000,0,0,206000,311750000,24459000,235000,600000,0,24094000,3624121,0,3043394.0,1682292.0,3043394.0,1682292.0,3043394.0,1682292.0,3043394.0,1682292.0
2021-05-26,0050,206000,11000,6000,0,211000,311750000,24094000,31000,0,0,24125000,3618351,0,1517266.0,845398.0,1517266.0,845398.0,1517266.0,845398.0,1517266.0,845398.0
2021-05-27,0050,211000,3000,17000,0,197000,310750000,24125000,82000,0,0,24207000,3610848,0,196588.0,1475140.0,196588.0,1475140.0,196588.0,1475140.0,196588.0,1475140.0
2021-05-28,0050,197000,5000,1000,0,201000,310750000,24207000,29000,0,0,24236000,3630364,0,3711457.0,721365.0,3711457.0,721365.0,3711457.0,721365.0,3711457.0,721365.0
2021-05-31,0050,201000,7000,3000,0,205000,310750000,24236000,5000,0,0,24241000,3623127,0,6757750.0,698053.0,6757750.0,698053.0,6757750.0,698053.0,6757750.0,698053.0
2021-06-01,0050,205000,2000,0,0,207000,316250000,24241000,113000,0,0,24354000,3598022,0,3005130.0,538415.0,3005130.0,538415.0,3005130.0,538415.0,3005130.0,538415.0
2021-06-02,0050,207000,1000,1000,0,207000,316250000,24354000,0,0,0,24354000,3600222,0,2764157.0,567000.0,2764157.0,567000.0,2764157.0,567000.0,2764157.0,567000.0
2021-06-03,0050,207000,0,1000,0,206000,316250000,24354000,0,0,0,24354000,3570617,0,2762020.0,222109.0,2762020.0,222109.0,2762020.0,222109.0,2762020.0,222109.0
2021-06-04,0050,206000,0,1000,0,205000,316250000,24354000,0,0,0,24354000,3561784,0,84029.0,397303.0,84029.0,397303.0,84029.0,397303.0,84029.0,397303.0
2021-06-07,0050,205000,18000,1000,0,222000,316500000,24354000,255000,0,0,24609000,3610446,0,498258.0,2389000.0,498258.0,2389000.0,498258.0,2389000.0,498258.0,2389000.0
2021-06-08,0050,222000,2000,2000,0,222000,316500000,24609000,193000,0,0,24802000,3518511,0,142422.0,675296.0,142422.0,675296.0,142422.0,675296.0,142422.0,675296.0
2021-06-09,0050,222000,0,66000,0,156000,322000000,24802000,119000,0,0,24921000,3513898,0,113865.0,3262300.0,113865.0,3262300.0,113865.0,3262300.0,113865.0,3262300.0
2021-06-10,0050,156000,10000,1000,0,165000,320125000,24921000,64000,0,0,24985000,3552368,0,1257143.0,878950.0,1257143.0,878950.0,1257143.0,878950.0,1257143.0,878950.0
2021-06-11,0050,165000,2000,0,19000,148000,323375000,24985000,64000,0,0,25049000,3496383,0,426425.0,97000.0,426425.0,97000.0,426425.0,97000.0,426425.0,97000.0
2021-06-15,0050,148000,0,1000,0,147000,324875000,25049000,0,0,0,25049000,3464395,0,418452.0,668901.0,418452.0,668901.0,418452.0,668901.0,418452.0,668901.0
2021-06-16,0050,147000,1000,0,0,148000,329625000,25049000,20000,0,0,25069000,3399386,0,4008280.0,2463100.0,4008280.0,2463100.0,4008280.0,2463100.0,4008280.0,2463100.0
2021-06-17,0050,148000,3000,0,0,151000,329625000,25069000,128000,1075000,0,24122000,3338770,0,124742.0,1012698.0,124742.0,1012698.0,124742.0,1012698.0,124742.0,1012698.0
2021-06-18,0050,151000,4000,0,0,155000,329625000,24122000,100000,0,0,24222000,3279105,0,20840.0,761205.0,20840.0,761205.0,20840.0,761205.0,20840.0,761205.0
2021-06-21,0050,155000,2000,23000,0,134000,330125000,24222000,379000,0,0,24601000,3374211,0,846958.0,8409670.0,846958.0,8409670.0,846958.0,8409670.0,846958.0,8409670.0
2021-06-22,0050,134000,0,3000,0,131000,330125000,24601000,0,0,0,24601000,3390088,0,354556.0,1725000.0,354556.0,1725000.0,354556.0,1725000.0,354556.0,1725000.0
2021-06-23,0050,131000,9000,4000,0,136000,330125000,24601000,0,0,0,24601000,3186726,0,130529.0,869200.0,130529.0,869200.0,130529.0,869200.0,130529.0,869200.0
2021-06-24,0050,136000,2000,0,0,138000,330250000,24601000,0,0,0,24601000,2848765,0,954451.0,4069000.0,954451.0,4069000.0,954451.0,4069000.0,954451.0,4069000.0
2021-06-25,0050,138000,9000,2000,0,145000,328750000,24601000,0,0,0,24601000,2633994,0,1884457.0,285000.0,1884457.0,285000.0,1884457.0,285000.0,1884457.0,285000.0
2021-06-28,0050,145000,1000,9000,0,137000,336125000,24601000,0,0,0,24601000,2516991,0,531611.0,187088.0,531611.0,187088.0,531611.0,187088.0,531611.0,187088.0
2021-06-29,0050,137000,0,0,0,137000,343000000,24601000,50000,0,0,24651000,2283243,0,2423678.0,327521.0,2423678.0,327521.0,2423678.0,327521.0,2423678.0,327521.0
2021-06-30,0050,137000,13000,5000,0,145000,346000000,24651000,0,0,0,24651000,2214687,0,6673155.0,418570.0,6673155.0,418570.0,6673155.0,418570.0,6673155.0,418570.0
2021-07-01,0050,145000,1000,6000,0,140000,336250000,24651000,0,0,0,24651000,2089558,0,1575407.0,864390.0,1575407.0,864390.0,1575407.0,864390.0,1575407.0,864390.0
2021-07-02,0050,140000,1000,1000,0,140000,326375000,24651000,0,0,0,24651000,2040017,0,102053.0,1144051.0,102053.0,1144051.0,102053.0,1144051.0,102053.0,1144051.0
2021-07-05,0050,140000,10000,1000,0,149000,328250000,24651000,0,130000,0,24521000,2016356,0,1985579.0,1332712.0,1985579.0,1332712.0,1985579.0,1332712.0,1985579.0,1332712.0
2021-07-06,0050,149000,3000,6000,0,146000,337750000,24521000,0,0,0,24521000,1978118,0,1291304.0,1767469.0,1291304.0,1767469.0,1291304.0,1767469.0,1291304.0,1767469.0
2021-07-07,0050,146000,0,15000,0,131000,347625000,24521000,0,200000,0,24321000,1942616,0,2634174.0,2044560.0,2634174.0,2044560.0,2634174.0,2044560.0,2634174.0,2044560.0
2021-07-08,0050,131000,0,18000,0,113000,343750000,24321000,0,568000,0,23753000,1931000,0,463316.0,876203.0,463316.0,876203.0,463316.0,876203.0,463316.0,876203.0
2021-07-09,0050,113000,3000,13000,0,103000,332750000,23753000,40000,307000,0,23486000,1944185,0,98458.0,2534064.0,98458.0,2534064.0,98458.0,2534064.0,98458.0,2534064.0
2021-07-12,0050,103000,11000,75000,0,39000,332250000,23486000,0,0,0,23486000,1984006,0,9260844.0,273735.0,9260844.0,273735.0,9260844.0,273735.0,9260844.0,273735.0
2021-07-13,0050,39000,4000,3000,0,40000,342500000,23486000,0,0,0,23486000,2018011,0,10290126.0,763995.0,10290126.0,763995.0,10290126.0,763995.0,10290126.0,763995.0
2021-07-14,0050,40000,3000,20000,0,23000,350375000,23486000,11000,0,0,23497000,2056950,0,5950378.0,616513.0,5950378.0,616513.0,5950378.0,616513.0,5950378.0,616513.0
2021-07-15,0050,23000,0,21000,2000,0,337375000,23497000,37000,1336000,0,22198000,2129157,0,9077406.0,1861771.0,9077406.0,1861771.0,9077406.0,1861771.0,9077406.0,1861771.0
2021-07-16,0050,0,0,0,0,0,329250000,22198000,21000,0,0,22219000,2172852,0,1529586.0,2407428.0,1529586.0,2407428.0,1529586.0,2407428.0,1529586.0,2407428.0
2021-07-19,0050,0,0,0,0,0,329250000,22219000,31000,0,0,22250000,2248730,0,793650.0,4134000.0,793650.0,4134000.0,793650.0,4134000.0,793650.0,4134000.0
2021-07-20,0050,0,0,0,0,0,329250000,22250000,68000,0,0,22318000,2223225,0,173222.0,1704000.0,173222.0,1704000.0,173222.0,1704000.0,173222.0,1704000.0
2021-07-21,0050,0,5000,0,0,5000,344250000,22318000,6000,0,0,22324000,2325728,0,5658093.0,1064081.0,5658093.0,1064081.0,5658093.0,1064081.0,5658093.0,1064081.0
2021-07-22,0050,5000,2000,0,0,7000,353875000,22324000,25000,0,0,22349000,2325267,0,2300020.0,599000.0,2300020.0,599000.0,2300020.0,599000.0,2300020.0,599000.0
2021-07-23,0050,7000,3000,0,0,10000,344500000,22349000,14000,100000,0,22263000,2288158,0,299108.0,640355.0,299108.0,640355.0,299108.0,640355.0,299108.0,640355.0
2021-07-26,0050,10000,6000,0,0,16000,334250000,22263000,38000,0,0,22301000,2375376,0,2707274.0,9687000.0,2707274.0,9687000.0,2707274.0,9687000.0,2707274.0,9687000.0
2021-07-27,0050,16000,13000,3000,0,26000,334375000,22301000,0,0,0,22301000,2440890,0,797314.0,6676000.0,797314.0,6676000.0,797314.0,6676000.0,797314.0,6676000.0
2021-07-28,0050,26000,5000,10000,0,21000,335375000,22301000,6000,0,0,22307000,2683426,0,1659185.0,23432160.0,1659185.0,23432160.0,1659185.0,23432160.0,1659185.0,23432160.0
2021-07-29,0050,21000,40000,2000,0,59000,335375000,22307000,0,0,0,22307000,2759483,0,3179842.0,1011212.0,3179842.0,1011212.0,3179842.0,1011212.0,3179842.0,1011212.0
2021-07-30,0050,59000,11000,2000,0,68000,335375000,22307000,0,500000,0,21807000,2777388,0,545836.0,559194.0,545836.0,559194.0,545836.0,559194.0,545836.0,559194.0
2021-08-02,0050,68000,4000,6000,0,66000,335375000,21807000,0,0,0,21807000,2684362,0,3781630.0,188957.0,3781630.0,188957.0,3781630.0,188957.0,3781630.0,188957.0
2021-08-03,0050,66000,10000,10000,0,66000,336125000,21807000,0,0,0,21807000,2685817,0,1974268.0,13856.0,1974268.0,13856.0,1974268.0,13856.0,1974268.0,13856.0
2021-08-04,0050,66000,16000,0,0,82000,336125000,21807000,0,0,0,21807000,2677073,0,3743164.0,22358.0,3743164.0,22358.0,3743164.0,22358.0,3743164.0,22358.0
2021-08-05,0050,82000,3000,2000,0,83000,336125000,21807000,0,200000,0,21607000,2672586,0,4812268.0,103197.0,4812268.0,103197.0,4812268.0,103197.0,4812268.0,103197.0
2021-08-06,0050,83000,3000,20000,0,66000,336125000,21607000,0,0,0,21607000,2646668,0,723319.0,179651.0,723319.0,179651.0,723319.0,179651.0,723319.0,179651.0
2021-08-09,0050,66000,9000,1000,0,74000,336125000,21607000,0,39000,0,21568000,2657632,0,2623032.0,600556.0,2623032.0,600556.0,2623032.0,600556.0,2623032.0,600556.0
2021-08-10,0050,74000,1000,1000,0,74000,334875000,21568000,0,0,0,21568000,2593091,0,625480.0,63585.0,625480.0,63585.0,625480.0,63585.0,625480.0,63585.0
2021-08-11,0050,74000,13000,1000,0,86000,334875000,21568000,0,129000,0,21439000,2534195,0,545551.0,447134.0,545551.0,447134.0,545551.0,447134.0,545551.0,447134.0
2021-08-12,0050,86000,4000,11000,0,79000,334875000,21439000,0,0,0,21439000,2511155,0,301496.0,606579.0,301496.0,606579.0,301496.0,606579.0,301496.0,606579.0
2021-08-13,0050,79000,1000,36000,0,44000,334875000,21439000,0,0,0,21439000,2541053,0,44253.0,4793136.0,44253.0,4793136.0,44253.0,4793136.0,44253.0,4793136.0
2021-08-16,0050,44000,20000,3000,0,61000,334875000,21439000,10000,1030000,0,20419000,2573587,0,901475.0,6244103.0,901475.0,6244103.0,901475.0,6244103.0,901475.0,6244103.0
2021-08-17,0050,61000,10000,4000,0,67000,335500000,20419000,519000,325000,0,20613000,2645646,0,587004.0,8946000.0,587004.0,8946000.0,587004.0,8946000.0,587004.0,8946000.0
2021-08-18,0050,67000,11000,17000,0,61000,336375000,20613000,82000,0,0,20695000,2799512,0,776782.0,13064369.0,776782.0,13064369.0,776782.0,13064369.0,776782.0,13064369.0
2021-08-19,0050,61000,10000,11000,0,60000,337500000,20695000,105000,0,0,20800000,3039571,0,1005858.0,18822000.0,1005858.0,18822000.0,1005858.0,18822000.0,1005858.0,18822000.0
2021-08-20,0050,60000,17000,1000,0,76000,343750000,20800000,1708000,0,0,22508000,3132821,0,1013569.0,10959000.0,1013569.0,10959000.0,1013569.0,10959000.0,1013569.0,10959000.0
2021-08-23,0050,76000,46000,17000,0,105000,343000000,22508000,123000,0,0,22631000,3056321,0,1293029.0,909115.0,1293029.0,909115.0,1293029.0,909115.0,1293029.0,909115.0
2021-08-24,0050,105000,28000,6000,0,127000,340000000,22631000,0,0,0,22631000,2967107,0,290902.0,1477500.0,290902.0,1477500.0,290902.0,1477500.0,290902.0,1477500.0
2021-08-25,0050,127000,30000,5000,0,152000,340000000,22631000,0,0,0,22631000,2941380,0,2124481.0,804230.0,2124481.0,804230.0,2124481.0,804230.0,2124481.0,804230.0
2021-08-26,0050,152000,14000,41000,0,125000,340000000,22631000,0,50000,0,22581000,2890755,0,2218388.0,225010.0,2218388.0,225010.0,2218388.0,225010.0,2218388.0,225010.0
2021-08-27,0050,125000,17000,12000,0,130000,340000000,22581000,0,30000,0,22551000,2964433,0,8510805.0,3129061.0,8510805.0,3129061.0,8510805.0,3129061.0,8510805.0,3129061.0
2021-08-30,0050,130000,7000,1000,0,136000,339500000,22551000,0,379000,0,22172000,3075608,0,16488187.0,288231.0,16488187.0,288231.0,16488187.0,288231.0,16488187.0,288231.0
2021-08-31,0050,136000,15000,5000,0,146000,338500000,22172000,18000,0,0,22190000,3157217,0,10174783.0,280500.0,10174783.0,280500.0,10174783.0,280500.0,10174783.0,280500.0
2021-09-01,0050,146000,3000,1000,0,148000,337375000,22190000,0,336000,0,21854000,3212936,0,15135957.0,1198290.0,15135957.0,1198290.0,15135957.0,1198290.0,15135957.0,1198290.0
2021-09-02,0050,148000,9000,0,0,157000,330625000,21854000,0,0,0,21854000,3222684,0,1834521.0,402748.0,1834521.0,402748.0,1834521.0,402748.0,1834521.0,402748.0
2021-09-03,0050,157000,8000,2000,0,163000,330125000,21854000,0,901000,0,20953000,3305694,0,7752803.0,195400.0,7752803.0,195400.0,7752803.0,195400.0,7752803.0,195400.0
2021-09-06,0050,163000,0,2000,0,161000,330125000,20953000,0,4040000,0,16913000,3327030,0,6479808.0,639036.0,6479808.0,639036.0,6479808.0,639036.0,6479808.0,639036.0
2021-09-07,0050,161000,2000,0,0,163000,330125000,16913000,5000,0,0,16918000,3304387,0,2360325.0,1451610.0,2360325.0,1451610.0,2360325.0,1451610.0,2360325.0,1451610.0
2021-09-08,0050,163000,14000,4000,0,173000,330125000,16918000,30000,274000,0,16674000,3060941,0,1406640.0,1140136.0,1406640.0,1140136.0,1406640.0,1140136.0,1406640.0,1140136.0
2021-09-09,0050,173000,0,8000,0,165000,330125000,16674000,35000,75000,0,16634000,2983990,0,540661.0,744425.0,540661.0,744425.0,540661.0,744425.0,540661.0,744425.0
2021-09-10,0050,165000,3000,0,0,168000,330125000,16634000,0,0,0,16634000,2975241,0,1046978.0,98048.0,1046978.0,98048.0,1046978.0,98048.0,1046978.0,98048.0
2021-09-13,0050,168000,0,0,0,168000,330125000,16634000,30000,75000,0,16589000,2934966,0,358169.0,160879.0,358169.0,160879.0,358169.0,160879.0,358169.0,160879.0
2021-09-14,0050,168000,0,0,0,168000,328875000,16589000,5000,0,0,16594000,2897857,0,949837.0,88000.0,949837.0,88000.0,949837.0,88000.0,949837.0,88000.0
2021-09-15,0050,168000,2000,2000,0,168000,327875000,16594000,226000,14000,0,16806000,2962786,0,8488751.0,2101686.0,8488751.0,2101686.0,8488751.0,2101686.0,8488751.0,2101686.0
2021-09-16,0050,168000,0,4000,0,164000,304375000,16806000,0,7000,0,16799000,2986396,0,653900.0,3571593.0,653900.0,3571593.0,653900.0,3571593.0,653900.0,3571593.0
2021-09-17,0050,164000,0,0,0,164000,304375000,16799000,0,0,0,16799000,2984665,0,499417.0,308200.0,499417.0,308200.0,499417.0,308200.0,499417.0,308200.0
2021-09-22,0050,164000,0,40000,0,124000,309250000,16799000,3019000,0,0,19818000,3183648,0,408267.0,10025620.0,408267.0,10025620.0,408267.0,10025620.0,408267.0,10025620.0
2021-09-23,0050,124000,6000,0,0,130000,310750000,19818000,748000,0,0,20566000,3216035,0,309951.0,1419000.0,309951.0,1419000.0,309951.0,1419000.0,309951.0,1419000.0
2021-09-24,0050,130000,11000,0,0,141000,305750000,20566000,680000,0,0,21246000,3240339,0,501463.0,762050.0,501463.0,762050.0,501463.0,762050.0,501463.0,762050.0
2021-09-27,0050,141000,4000,0,0,145000,306125000,21246000,255000,2839000,0,18662000,3335349,0,138047.0,6679038.0,138047.0,6679038.0,138047.0,6679038.0,138047.0,6679038.0
2021-09-28,0050,145000,3000,14000,0,134000,307250000,18662000,1045000,0,0,19707000,3436150,0,288591.0,12476620.0,288591.0,12476620.0,288591.0,12476620.0,288591.0,12476620.0
2021-09-29,0050,134000,1000,49000,0,86000,308750000,19707000,1980000,224000,0,21463000,3639487,0,625538.0,24346633.0,625538.0,24346633.0,625538.0,24346633.0,625538.0,24346633.0
2021-09-30,0050,86000,7000,0,0,93000,307875000,21463000,805000,0,0,22268000,3671107,0,448015.0,8060000.0,448015.0,8060000.0,448015.0,8060000.0,448015.0,8060000.0
2021-10-01,0050,93000,1000,10000,0,84000,310000000,22268000,3771000,160000,0,25879000,3738872,0,188948.0,12391200.0,188948.0,12391200.0,188948.0,12391200.0,188948.0,12391200.0
2021-10-04,0050,84000,11000,3000,0,92000,321125000,25879000,3418000,500000,0,28797000,3700956,0,685623.0,13091000.0,685623.0,13091000.0,685623.0,13091000.0,685623.0,13091000.0
2021-10-05,0050,92000,22000,10000,0,104000,323125000,28797000,799000,175000,0,29421000,3820634,0,1393488.0,19185100.0,1393488.0,19185100.0,1393488.0,19185100.0,1393488.0,19185100.0
2021-10-06,0050,104000,31000,12000,0,123000,329250000,29421000,225000,237000,0,29409000,3987627,0,972181.0,17646000.0,972181.0,17646000.0,972181.0,17646000.0,972181.0,17646000.0
2021-10-07,0050,123000,10000,16000,0,117000,330000000,29409000,45000,500000,0,28954000,4075025,0,4483800.0,3515000.0,4483800.0,3515000.0,4483800.0,3515000.0,4483800.0,3515000.0
2021-10-08,0050,117000,21000,2000,2000,134000,328875000,28954000,0,477000,0,28477000,4084587,0,1220218.0,5855908.0,1220218.0,5855908.0,1220218.0,5855908.0,1220218.0,5855908.0
2021-10-12,0050,134000,4000,17000,0,121000,330125000,28477000,115000,0,0,28592000,4127712,0,1491797.0,7841699.0,1491797.0,7841699.0,1491797.0,7841699.0,1491797.0,7841699.0
2021-10-13,0050,121000,24000,1000,0,144000,330250000,28592000,0,2000,0,28590000,4016381,0,1063993.0,2786294.0,1063993.0,2786294.0,1063993.0,2786294.0,1063993.0,2786294.0
2021-10-14,0050,144000,3000,17000,0,130000,330250000,28590000,0,100000,0,28490000,3831056,0,510252.0,536398.0,510252.0,536398.0,510252.0,536398.0,510252.0,536398.0
2021-10-15,0050,130000,34000,9000,0,155000,331250000,28490000,258000,7565000,0,21183000,3802296,0,5629337.0,645617.0,5629337.0,645617.0,5629337.0,645617.0,5629337.0,645617.0
2021-10-18,0050,155000,8000,5000,0,158000,331250000,21183000,0,21000,0,21162000,3668366,0,627662.0,704846.0,627662.0,704846.0,627662.0,704846.0,627662.0,704846.0
2021-10-19,0050,158000,9000,16000,0,151000,329250000,21162000,10000,0,0,21172000,3682846,0,6150015.0,582121.0,6150015.0,582121.0,6150015.0,582121.0,6150015.0,582121.0
2021-10-20,0050,151000,45000,1000,0,195000,329750000,21172000,130000,0,0,21302000,3714150,0,10317081.0,4708100.0,10317081.0,4708100.0,10317081.0,4708100.0,10317081.0,4708100.0
2021-10-21,0050,195000,12000,4000,0,203000,328250000,21302000,10000,0,0,21312000,3704241,0,8512672.0,731995.0,8512672.0,731995.0,8512672.0,731995.0,8512672.0,731995.0
2021-10-22,0050,203000,35000,16000,0,222000,327000000,21312000,135000,1511000,0,19936000,3673319,0,3085863.0,467048.0,3085863.0,467048.0,3085863.0,467048.0,3085863.0,467048.0
2021-10-25,0050,222000,4000,16000,0,210000,326250000,19936000,20000,560000,0,19396000,3676149,0,4198500.0,480548.0,4198500.0,480548.0,4198500.0,480548.0,4198500.0,480548.0
2021-10-26,0050,210000,5000,14000,0,201000,326250000,19396000,0,0,0,19396000,3752184,0,5438289.0,319508.0,5438289.0,319508.0,5438289.0,319508.0,5438289.0,319508.0
2021-10-27,0050,201000,0,1000,0,200000,325875000,19396000,0,0,0,19396000,3795810,0,4464784.0,344516.0,4464784.0,344516.0,4464784.0,344516.0,4464784.0,344516.0
2021-10-28,0050,200000,0,1000,0,199000,325125000,19396000,6000,703000,0,18699000,3808299,0,2842214.0,1495731.0,2842214.0,1495731.0,2842214.0,1495731.0,2842214.0,1495731.0
2021-10-29,0050,199000,2000,25000,0,176000,325375000,18699000,78000,0,0,18777000,3834622,0,31297.0,1483001.0,31297.0,1483001.0,31297.0,1483001.0,31297.0,1483001.0
2021-11-01,0050,176000,6000,2000,0,180000,325375000,18777000,0,0,0,18777000,3744689,0,512329.0,61006.0,512329.0,61006.0,512329.0,61006.0,512329.0,61006.0
2021-11-02,0050,180000,2000,1000,0,181000,324625000,18777000,0,20000,0,18757000,3704211,0,1619506.0,526120.0,1619506.0,526120.0,1619506.0,526120.0,1619506.0,526120.0
2021-11-03,0050,181000,1000,0,0,182000,323625000,18757000,25000,0,0,18782000,3689622,0,590935.0,213010.0,590935.0,213010.0,590935.0,213010.0,590935.0,213010.0
2021-11-04,0050,182000,7000,1000,0,188000,323625000,18782000,11000,50000,0,18743000,3465399,0,195948.0,412608.0,195948.0,412608.0,195948.0,412608.0,195948.0,412608.0
2021-11-05,0050,188000,5000,46000,0,147000,323625000,18743000,11000,15000,0,18739000,3522798,0,7039113.0,263551.0,7039113.0,263551.0,7039113.0,263551.0,7039113.0,263551.0
2021-11-08,0050,147000,7000,5000,0,149000,322625000,18739000,0,253000,0,18486000,3537036,0,1564183.0,163314.0,1564183.0,163314.0,1564183.0,163314.0,1564183.0,163314.0
2021-11-09,0050,149000,11000,1000,1000,158000,322625000,18486000,0,78000,0,18408000,3546861,0,6973682.0,176530.0,6973682.0,176530.0,6973682.0,176530.0,6973682.0,176530.0
2021-11-10,0050,158000,8000,1000,0,165000,316375000,18408000,0,136000,0,18272000,3423846,0,3218056.0,541266.0,3218056.0,541266.0,3218056.0,541266.0,3218056.0,541266.0
2021-11-11,0050,165000,3000,4000,0,164000,315625000,18272000,0,76000,0,18196000,3155159,0,66079.0,156116.0,66079.0,156116.0,66079.0,156116.0,66079.0,156116.0
2021-11-12,0050,164000,3000,6000,0,161000,316750000,18196000,42000,2768000,0,15470000,3044829,0,2496317.0,447264.0,2496317.0,447264.0,2496317.0,447264.0,2496317.0,447264.0
2021-11-15,0050,161000,5000,1000,0,165000,312125000,15470000,16000,0,0,15486000,2823246,0,2746941.0,807579.0,2746941.0,807579.0,2746941.0,807579.0,2746941.0,807579.0
2021-11-16,0050,165000,2000,19000,0,148000,313625000,15486000,187000,0,0,15673000,2640385,0,2587960.0,1430423.0,2587960.0,1430423.0,2587960.0,1430423.0,2587960.0,1430423.0
2021-11-17,0050,148000,0,19000,0,129000,312125000,15673000,304000,0,0,15977000,2632120,0,25396117.0,20542666.0,25396117.0,20542666.0,25396117.0,20542666.0,25396117.0,20542666.0
2021-11-18,0050,129000,1000,2000,0,128000,312125000,15977000,2000,0,0,15979000,2466689,0,3879038.0,72533.0,3879038.0,72533.0,3879038.0,72533.0,3879038.0,72533.0
2021-11-19,0050,128000,1000,1000,0,128000,311375000,15979000,80000,2397000,0,13662000,2390962,0,2600246.0,109560.0,2600246.0,109560.0,2600246.0,109560.0,2600246.0,109560.0
2021-11-22,0050,128000,1000,1000,0,128000,311375000,13662000,0,200000,0,13462000,2349766,0,1555720.0,539128.0,1555720.0,539128.0,1555720.0,539128.0,1555720.0,539128.0
2021-11-23,0050,128000,3000,1000,0,130000,310750000,13462000,0,0,0,13462000,2280896,0,939328.0,1418903.0,939328.0,1418903.0,939328.0,1418903.0,939328.0,1418903.0
2021-11-24,0050,130000,1000,1000,0,130000,311000000,13462000,0,0,0,13462000,2255724,0,79816.0,746993.0,79816.0,746993.0,79816.0,746993.0,79816.0,746993.0
2021-11-25,0050,130000,2000,1000,0,131000,311000000,13462000,0,0,0,13462000,2247434,0,53661.0,711870.0,53661.0,711870.0,53661.0,711870.0,53661.0,711870.0
2021-11-26,0050,131000,5000,4000,0,132000,311000000,13462000,586000,0,0,14048000,2236091,0,121810.0,7372413.0,121810.0,7372413.0,121810.0,7372413.0,121810.0,7372413.0
2021-11-29,0050,132000,4000,7000,0,129000,311000000,14048000,694000,0,0,14742000,2296932,0,762437.0,3617538.0,762437.0,3617538.0,762437.0,3617538.0,762437.0,3617538.0
2021-11-30,0050,129000,5000,26000,0,108000,311000000,14742000,440000,344000,0,14838000,2315664,0,326830.0,5290156.0,326830.0,5290156.0,326830.0,5290156.0,326830.0,5290156.0
2021-12-01,0050,108000,0,2000,0,106000,311000000,14838000,44000,0,0,14882000,2212213,0,276534.0,321988.0,276534.0,321988.0,276534.0,321988.0,276534.0,321988.0
2021-12-02,0050,106000,11000,3000,0,114000,311000000,14882000,70000,0,0,14952000,2170620,0,5867501.0,117311.0,5867501.0,117311.0,5867501.0,117311.0,5867501.0,117311.0
2021-12-03,0050,114000,0,0,0,114000,312250000,14952000,247000,0,0,15199000,2166873,0,1673593.0,734181.0,1673593.0,734181.0,1673593.0,734181.0,1673593.0,734181.0
2021-12-06,0050,114000,0,1000,0,113000,312250000,15199000,0,0,0,15199000,2132259,0,554592.0,1325996.0,554592.0,1325996.0,554592.0,1325996.0,554592.0,1325996.0
2021-12-07,0050,113000,1000,1000,0,113000,312250000,15199000,0,0,0,15199000,2055862,0,557372.0,1206997.0,557372.0,1206997.0,557372.0,1206997.0,557372.0,1206997.0
2021-12-08,0050,113000,5000,5000,0,113000,312250000,15199000,0,0,0,15199000,2092417,0,3877668.0,87051.0,3877668.0,87051.0,3877668.0,87051.0,3877668.0,87051.0
2021-12-09,0050,113000,15000,0,0,128000,312250000,15199000,0,0,0,15199000,2093192,0,958199.0,429000.0,958199.0,429000.0,958199.0,429000.0,958199.0,429000.0
2021-12-10,0050,128000,1000,0,0,129000,315000000,15199000,0,2007000,0,13192000,2076100,0,611987.0,173300.0,611987.0,173300.0,611987.0,173300.0,611987.0,173300.0
2021-12-13,0050,129000,0,2000,0,127000,315000000,13192000,31000,0,0,13223000,2092275,0,778939.0,314035.0,778939.0,314035.0,778939.0,314035.0,778939.0,314035.0
2021-12-14,0050,127000,0,10000,0,117000,315000000,13223000,49000,0,0,13272000,2101006,0,48332.0,863239.0,48332.0,863239.0,48332.0,863239.0,48332.0,863239.0
2021-12-15,0050,117000,2000,14000,0,105000,315000000,13272000,0,0,0,13272000,2178186,0,1685791.0,6817000.0,1685791.0,6817000.0,1685791.0,6817000.0,1685791.0,6817000.0
2021-12-16,0050,105000,4000,3000,0,106000,310500000,13272000,68000,0,0,13340000,2209200,0,254225.0,286010.0,254225.0,286010.0,254225.0,286010.0,254225.0,286010.0
2021-12-17,0050,106000,2000,1000,0,107000,310500000,13340000,351000,500000,0,13191000,2142443,0,412121.0,367652.0,412121.0,367652.0,412121.0,367652.0,412121.0,367652.0
2021-12-20,0050,107000,0,7000,0,100000,309250000,13191000,0,0,0,13191000,2111055,0,105085.0,700000.0,105085.0,700000.0,105085.0,700000.0,105085.0,700000.0
2021-12-21,0050,100000,1000,0,0,101000,309250000,13191000,0,796000,0,12395000,2049622,0,779201.0,136131.0,779201.0,136131.0,779201.0,136131.0,779201.0,136131.0
2021-12-22,0050,101000,5000,0,0,106000,309250000,12395000,6000,0,0,12401000,2035137,0,643037.0,56340.0,643037.0,56340.0,643037.0,56340.0,643037.0,56340.0
2021-12-23,0050,106000,15000,2000,0,119000,309250000,12401000,0,500000,0,11901000,2130302,0,9020072.0,89670.0,9020072.0,89670.0,9020072.0,89670.0,9020072.0,89670.0
2021-12-24,0050,119000,7000,2000,0,124000,308250000,11901000,93000,0,0,11994000,2199516,0,8459644.0,404800.0,8459644.0,404800.0,8459644.0,404800.0,8459644.0,404800.0
2021-12-27,0050,124000,7000,2000,0,129000,306750000,11994000,0,0,0,11994000,2200095,0,2793052.0,127352.0,2793052.0,127352.0,2793052.0,127352.0,2793052.0,127352.0
2021-12-28,0050,129000,2000,4000,0,127000,305875000,11994000,152000,0,0,12146000,2368843,0,15002888.0,746100.0,15002888.0,746100.0,15002888.0,746100.0,15002888.0,746100.0
2021-12-29,0050,127000,8000,4000,0,131000,303750000,12146000,107000,63000,0,12190000,2320494,0,14935599.0,448100.0,14935599.0,448100.0,14935599.0,448100.0,14935599.0,448100.0
2021-12-30,0050,131000,5000,0,0,136000,302250000,12190000,842000,0,0,13032000,2322279,0,1640445.0,529530.0,1640445.0,529530.0,1640445.0,529530.0,1640445.0,529530.0
2022-01-03,0050,136000,2000,9000,0,129000,302250000,13032000,22000,1200000,0,11854000,2330389,0,1928567.0,344311.0,1928567.0,344311.0,1928567.0,344311.0,1928567.0,344311.0
2022-01-04,0050,129000,6000,3000,0,132000,300000000,11854000,90000,0,0,11944000,2392932,0,5511186.0,1142231.0,5511186.0,1142231.0,5511186.0,1142231.0,5511186.0,1142231.0
2022-01-05,0050,132000,8000,5000,0,135000,297500000,11944000,252000,0,0,12196000,2463222,0,7868375.0,1478954.0,7868375.0,1478954.0,7868375.0,1478954.0,7868375.0,1478954.0
2022-01-06,0050,135000,4000,3000,0,136000,297500000,12196000,33000,0,0,12229000,2521826,0,1167386.0,512662.0,1167386.0,512662.0,1167386.0,512662.0,1167386.0,512662.0
2022-01-07,0050,136000,5000,3000,0,138000,297500000,12229000,178000,0,0,12407000,2570055,0,481525.0,3289102.0,481525.0,3289102.0,481525.0,3289102.0,481525.0,3289102.0
2022-01-10,0050,138000,5000,5000,0,138000,295875000,12407000,900000,30000,0,13277000,2603910,0,446822.0,7701870.0,446822.0,7701870.0,446822.0,7701870.0,446822.0,7701870.0
2022-01-11,0050,138000,2000,9000,0,131000,292875000,13277000,1508000,0,0,14785000,2668402,0,1053503.0,9120607.0,1053503.0,9120607.0,1053503.0,9120607.0,1053503.0,9120607.0
2022-01-12,0050,131000,2000,7000,0,126000,293000000,14785000,597000,61000,0,15321000,2666270,0,382016.0,1926333.0,382016.0,1926333.0,382016.0,1926333.0,382016.0,1926333.0
2022-01-13,0050,126000,2000,17000,0,111000,293000000,15321000,89000,50000,0,15360000,2699781,0,921115.0,2045673.0,921115.0,2045673.0,921115.0,2045673.0,921115.0,2045673.0
2022-01-14,0050,111000,1000,35000,0,77000,291500000,15360000,1029000,60000,0,16329000,2712449,0,1267216.0,1754790.0,1267216.0,1754790.0,1267216.0,1754790.0,1267216.0,1754790.0
2022-01-17,0050,77000,0,77000,0,0,288500000,16329000,321000,19000,0,16631000,2735007,0,578429.0,1007400.0,578429.0,1007400.0,578429.0,1007400.0,578429.0,1007400.0
2022-01-18,0050,0,0,0,0,0,287500000,16631000,1538000,18000,0,18151000,2842517,0,415633.0,4824118.0,415633.0,4824118.0,415633.0,4824118.0,415633.0,4824118.0
2022-01-19,0050,0,0,0,0,0,286875000,18151000,1127000,0,0,19278000,2964650,0,494317.0,7224420.0,494317.0,7224420.0,494317.0,7224420.0,494317.0,7224420.0
2022-01-20,0050,0,0,0,0,0,287500000,19278000,100000,0,0,19378000,3021268,0,949358.0,3779071.0,949358.0,3779071.0,949358.0,3779071.0,949358.0,3779071.0
2022-01-21,0050,0,7000,0,0,7000,293500000,19378000,2884000,0,0,22262000,3299274,0,1528735.0,8707000.0,1528735.0,8707000.0,1528735.0,8707000.0,1528735.0,8707000.0
2022-01-24,0050,7000,43000,2000,0,48000,293750000,22262000,280000,0,0,22542000,3402580,0,878354.0,2165192.0,878354.0,2165192.0,878354.0,2165192.0,878354.0,2165192.0
2022-01-25,0050,48000,7000,22000,0,33000,295875000,22542000,2960000,0,0,25502000,3611443,0,706724.0,15720000.0,706724.0,15720000.0,706724.0,15720000.0,706724.0,15720000.0
2022-01-26,0050,33000,11000,5000,0,39000,300250000,25502000,2641000,0,0,28143000,3746760,0,308394.0,8900030.0,308394.0,8900030.0,308394.0,8900030.0,308394.0,8900030.0
2022-02-07,0050,39000,3000,0,0,42000,307750000,28143000,1363000,0,0,29506000,3898709,0,2734116.0,14680450.0,2734116.0,14680450.0,2734116.0,14680450.0,2734116.0,14680450.0
2022-02-08,0050,42000,39000,17000,0,64000,315375000,29506000,739000,0,0,30245000,3956290,0,1164528.0,4165060.0,1164528.0,4165060.0,1164528.0,4165060.0,1164528.0,4165060.0
2022-02-09,0050,64000,28000,6000,0,86000,318250000,30245000,32000,1000000,0,29277000,3991197,0,524871.0,2603040.0,524871.0,2603040.0,524871.0,2603040.0,524871.0,2603040.0
2022-02-10,0050,86000,30000,2000,0,114000,318500000,29277000,0,4603000,0,24674000,4008623,0,790603.0,1840239.0,790603.0,1840239.0,790603.0,1840239.0,790603.0,1840239.0
2022-02-11,0050,114000,14000,6000,0,122000,318500000,24674000,29000,0,0,24703000,3987017,0,604007.0,578000.0,604007.0,578000.0,604007.0,578000.0,604007.0,578000.0
2022-02-14,0050,122000,10000,22000,0,110000,321250000,24703000,16000,700000,0,24019000,4074625,0,516383.0,7736148.0,516383.0,7736148.0,516383.0,7736148.0,516383.0,7736148.0
2022-02-15,0050,110000,14000,21000,0,103000,322750000,24019000,112000,8000,0,24123000,4014851,0,274231.0,5784035.0,274231.0,5784035.0,274231.0,5784035.0,274231.0,5784035.0
2022-02-16,0050,103000,13000,3000,0,113000,322750000,24123000,4000,0,0,24127000,3955834,0,565580.0,948120.0,565580.0,948120.0,565580.0,948120.0,565580.0,948120.0
2022-02-17,0050,113000,17000,0,0,130000,322875000,24127000,19000,0,0,24146000,3939064,0,879972.0,532400.0,879972.0,532400.0,879972.0,532400.0,879972.0,532400.0
2022-02-18,0050,130000,4000,34000,0,100000,322875000,24146000,7000,0,0,24153000,3750868,0,93606.0,1297000.0,93606.0,1297000.0,93606.0,1297000.0,93606.0,1297000.0
2022-02-21,0050,100000,10000,4000,0,106000,322875000,24153000,26000,0,0,24179000,3570870,0,254283.0,2608800.0,254283.0,2608800.0,254283.0,2608800.0,254283.0,2608800.0
2022-02-22,0050,106000,8000,18000,0,96000,324125000,24179000,0,3679000,0,20500000,3714806,0,493094.0,15875000.0,493094.0,15875000.0,493094.0,15875000.0,493094.0,15875000.0
2022-02-23,0050,96000,24000,2000,0,118000,326125000,20500000,0,0,0,20500000,3692195,0,153980.0,2112000.0,153980.0,2112000.0,153980.0,2112000.0,153980.0,2112000.0
2022-02-24,0050,118000,66000,12000,0,172000,330000000,20500000,3722000,0,0,24222000,3918226,0,1022992.0,17721115.0,1022992.0,17721115.0,1022992.0,17721115.0,1022992.0,17721115.0
2022-02-25,0050,172000,27000,33000,0,166000,335500000,24222000,3241000,74000,0,27389000,4048236,0,823621.0,14201000.0,823621.0,14201000.0,823621.0,14201000.0,823621.0,14201000.0
2022-03-01,0050,166000,18000,11000,0,173000,338625000,27389000,979000,0,0,28368000,4044330,0,731165.0,2024130.0,731165.0,2024130.0,731165.0,2024130.0,731165.0,2024130.0
2022-03-02,0050,173000,8000,0,0,181000,338875000,28368000,40000,0,0,28408000,4037759,0,330705.0,3294000.0,330705.0,3294000.0,330705.0,3294000.0,330705.0,3294000.0
2022-03-03,0050,181000,3000,1000,0,183000,338875000,28408000,3000,220000,0,28191000,3925392,0,206984.0,3222040.0,206984.0,3222040.0,206984.0,3222040.0,206984.0,3222040.0
2022-03-04,0050,183000,28000,9000,0,202000,342250000,28191000,380000,0,0,28571000,3888384,0,398792.0,10037000.0,398792.0,10037000.0,398792.0,10037000.0,398792.0,10037000.0
2022-03-07,0050,202000,89000,9000,0,282000,353000000,28571000,1382000,0,0,29953000,4359441,0,1294951.0,45967425.0,1294951.0,45967425.0,1294951.0,45967425.0,1294951.0,45967425.0
2022-03-08,0050,282000,78000,72000,0,288000,374125000,29953000,708000,0,0,30661000,4745107,0,1405725.0,18691900.0,1405725.0,18691900.0,1405725.0,18691900.0,1405725.0,18691900.0
2022-03-09,0050,288000,49000,5000,0,332000,393625000,30661000,169000,8000,0,30822000,4867670,0,1103996.0,16101000.0,1103996.0,16101000.0,1103996.0,16101000.0,1103996.0,16101000.0
2022-03-10,0050,332000,91000,63000,0,360000,400125000,30822000,0,0,0,30822000,4947419,0,511596.0,2709448.0,511596.0,2709448.0,511596.0,2709448.0,511596.0,2709448.0
2022-03-11,0050,360000,75000,113000,0,322000,405250000,30822000,29000,5630000,0,25221000,4917365,0,457612.0,7074150.0,457612.0,7074150.0,457612.0,7074150.0,457612.0,7074150.0
2022-03-14,0050,322000,37000,21000,0,338000,407500000,25221000,192000,0,0,25413000,4855490,0,192680.0,5504190.0,192680.0,5504190.0,192680.0,5504190.0,192680.0,5504190.0
2022-03-15,0050,338000,52000,46000,0,344000,395875000,25413000,189000,0,0,25602000,4951607,0,361469.0,17375090.0,361469.0,17375090.0,361469.0,17375090.0,361469.0,17375090.0
2022-03-16,0050,344000,13000,8000,0,349000,399375000,25602000,640000,0,0,26242000,4830494,0,1303515.0,12181111.0,1303515.0,12181111.0,1303515.0,12181111.0,1303515.0,12181111.0
2022-03-17,0050,349000,125000,12000,0,462000,388750000,26242000,405000,58000,0,26589000,4837420,0,3683049.0,536241.0,3683049.0,536241.0,3683049.0,536241.0,3683049.0,536241.0
2022-03-18,0050,462000,90000,13000,0,539000,389250000,26589000,548000,186000,0,26951000,4710713,0,6446709.0,3528300.0,6446709.0,3528300.0,6446709.0,3528300.0,6446709.0,3528300.0
2022-03-21,0050,539000,31000,3000,0,567000,389000000,26951000,657000,0,0,27608000,4605833,0,2593307.0,815300.0,2593307.0,815300.0,2593307.0,815300.0,2593307.0,815300.0
2022-03-22,0050,567000,12000,10000,0,569000,390875000,27608000,13000,1954000,0,25667000,4415218,0,430329.0,1697000.0,430329.0,1697000.0,430329.0,1697000.0,430329.0,1697000.0
2022-03-23,0050,569000,24000,52000,0,541000,390875000,25667000,0,40000,0,25627000,4406323,0,2338989.0,524301.0,2338989.0,524301.0,2338989.0,524301.0,2338989.0,524301.0
2022-03-24,0050,541000,50000,32000,0,559000,390750000,25627000,0,500000,0,25127000,4366414,0,662241.0,557000.0,662241.0,557000.0,662241.0,557000.0,662241.0,557000.0
2022-03-25,0050,559000,12000,6000,0,565000,390625000,25127000,90000,810000,0,24407000,4353907,0,604262.0,303405.0,604262.0,303405.0,604262.0,303405.0,604262.0,303405.0
2022-03-28,0050,565000,3000,37000,0,531000,392250000,24407000,0,0,0,24407000,4420293,0,739908.0,6435005.0,739908.0,6435005.0,739908.0,6435005.0,739908.0,6435005.0
2022-03-29,0050,531000,22000,1000,0,552000,392250000,24407000,0,20000,0,24387000,4357661,0,228485.0,3575200.0,228485.0,3575200.0,228485.0,3575200.0,228485.0,3575200.0
2022-03-30,0050,552000,56000,95000,0,513000,392250000,24387000,2000,435000,0,23954000,4361250,0,1402000.0,63441.0,1402000.0,63441.0,1402000.0,63441.0,1402000.0,63441.0
2022-03-31,0050,513000,11000,5000,0,519000,392250000,23954000,14000,0,0,23968000,4329674,0,621455.0,129000.0,621455.0,129000.0,621455.0,129000.0,621455.0,129000.0
2022-04-01,0050,519000,3000,24000,0,498000,392250000,23968000,253000,1570000,0,22651000,4360261,0,136432.0,4976955.0,136432.0,4976955.0,136432.0,4976955.0,136432.0,4976955.0
2022-04-06,0050,498000,60000,25000,0,533000,395000000,22651000,109000,20000,0,22740000,4442237,0,341528.0,8104501.0,341528.0,8104501.0,341528.0,8104501.0,341528.0,8104501.0
2022-04-07,0050,533000,38000,72000,0,499000,395125000,22740000,778000,0,0,23518000,4560966,0,214101.0,9169198.0,214101.0,9169198.0,214101.0,9169198.0,214101.0,9169198.0
2022-04-08,0050,499000,21000,31000,0,489000,395750000,23518000,190000,0,0,23708000,4447625,0,206598.0,4178161.0,206598.0,4178161.0,206598.0,4178161.0,206598.0,4178161.0
2022-04-11,0050,489000,15000,14000,0,490000,394125000,23708000,896000,0,0,24604000,4584097,0,453144.0,10987470.0,453144.0,10987470.0,453144.0,10987470.0,453144.0,10987470.0
2022-04-12,0050,490000,15000,9000,0,496000,398625000,24604000,1528000,0,0,26132000,4410511,0,838093.0,6919006.0,838093.0,6919006.0,838093.0,6919006.0,838093.0,6919006.0
2022-04-13,0050,496000,45000,10000,0,531000,399375000,26132000,150000,0,0,26282000,4235656,0,2214267.0,655050.0,2214267.0,655050.0,2214267.0,655050.0,2214267.0,655050.0
2022-04-14,0050,531000,25000,21000,0,535000,400125000,26282000,417000,0,0,26699000,4201062,0,450896.0,1458000.0,450896.0,1458000.0,450896.0,1458000.0,450896.0,1458000.0
2022-04-15,0050,535000,20000,172000,0,383000,400875000,26699000,4310000,1000000,0,30009000,4356624,0,316214.0,13522700.0,316214.0,13522700.0,316214.0,13522700.0,316214.0,13522700.0
2022-04-18,0050,383000,27000,26000,0,384000,404250000,30009000,4566000,20000,0,34555000,4504153,0,666191.0,9656000.0,666191.0,9656000.0,666191.0,9656000.0,666191.0,9656000.0
2022-04-19,0050,384000,42000,16000,0,410000,407250000,34555000,21000,0,0,34576000,4455654,0,566926.0,6904000.0,566926.0,6904000.0,566926.0,6904000.0,566926.0,6904000.0
2022-04-20,0050,410000,17000,9000,0,418000,409875000,34576000,39000,0,0,34615000,3952379,0,2476837.0,4106450.0,2476837.0,4106450.0,2476837.0,4106450.0,2476837.0,4106450.0
2022-04-21,0050,418000,10000,21000,0,407000,409875000,34615000,0,6696000,0,27919000,3532176,0,266171.0,684090.0,266171.0,684090.0,266171.0,684090.0,266171.0,684090.0
2022-04-22,0050,407000,43000,36000,0,414000,411750000,27919000,245000,0,0,28164000,3429595,0,472746.0,7897021.0,472746.0,7897021.0,472746.0,7897021.0,472746.0,7897021.0
2022-04-25,0050,414000,74000,13000,0,475000,414875000,28164000,2106000,0,0,30270000,3628404,0,618741.0,26078054.0,618741.0,26078054.0,618741.0,26078054.0,618741.0,26078054.0
2022-04-26,0050,475000,45000,55000,0,465000,416250000,30270000,1173000,0,0,31443000,3613952,0,155919.0,5520369.0,155919.0,5520369.0,155919.0,5520369.0,155919.0,5520369.0
2022-04-27,0050,465000,9000,26000,0,448000,422000000,31443000,2485000,0,0,33928000,3834557,0,1079486.0,18721700.0,1079486.0,18721700.0,1079486.0,18721700.0,1079486.0,18721700.0
2022-04-28,0050,448000,24000,9000,0,463000,422250000,33928000,258000,0,0,34186000,3693106,0,912512.0,7500711.0,912512.0,7500711.0,912512.0,7500711.0,912512.0,7500711.0
2022-04-29,0050,463000,47000,16000,0,494000,423625000,34186000,20000,0,0,34206000,3612175,0,1062349.0,1868000.0,1062349.0,1868000.0,1062349.0,1868000.0,1062349.0,1868000.0
2022-05-03,0050,494000,58000,17000,0,535000,423625000,34206000,190000,0,0,34396000,3537792,0,541381.0,2153000.0,541381.0,2153000.0,541381.0,2153000.0,541381.0,2153000.0
2022-05-04,0050,535000,12000,44000,0,503000,423625000,34396000,0,0,0,34396000,3511285,0,2370274.0,167360.0,2370274.0,167360.0,2370274.0,167360.0,2370274.0,167360.0
2022-05-05,0050,503000,65000,11000,0,557000,423625000,34396000,30000,641000,0,33785000,3495660,0,828885.0,742000.0,828885.0,742000.0,828885.0,742000.0,828885.0,742000.0
2022-05-06,0050,557000,8000,61000,0,504000,426125000,33785000,409000,50000,0,34144000,3621190,0,602148.0,14079400.0,602148.0,14079400.0,602148.0,14079400.0,602148.0,14079400.0
2022-05-09,0050,504000,26000,6000,0,524000,429500000,34144000,582000,0,0,34726000,3657430,0,350077.0,6102200.0,350077.0,6102200.0,350077.0,6102200.0,350077.0,6102200.0
2022-05-10,0050,524000,10000,82000,0,452000,429750000,34726000,0,0,0,34726000,3761286,0,2531303.0,4484165.0,2531303.0,4484165.0,2531303.0,4484165.0,2531303.0,4484165.0
2022-05-11,0050,452000,35000,16000,1000,470000,431000000,34726000,91000,0,0,34817000,3795123,0,1462648.0,3783000.0,1462648.0,3783000.0,1462648.0,3783000.0,1462648.0,3783000.0
2022-05-12,0050,470000,23000,34000,0,459000,431000000,34817000,132000,0,0,34949000,3820110,0,305572.0,7970000.0,305572.0,7970000.0,305572.0,7970000.0,305572.0,7970000.0
2022-05-13,0050,459000,11000,12000,0,458000,430625000,34949000,564000,2813000,0,32700000,3826991,0,518745.0,2178100.0,518745.0,2178100.0,518745.0,2178100.0,518745.0,2178100.0
2022-05-16,0050,458000,55000,21000,0,492000,431875000,32700000,959000,1302000,0,32357000,3802866,0,405081.0,1783150.0,405081.0,1783150.0,405081.0,1783150.0,405081.0,1783150.0
2022-05-17,0050,492000,80000,14000,0,558000,431875000,32357000,3000,0,0,32360000,3809372,0,420514.0,1391007.0,420514.0,1391007.0,420514.0,1391007.0,420514.0,1391007.0
2022-05-18,0050,558000,96000,9000,0,645000,432000000,32360000,152000,500000,0,32012000,3793170,0,1607139.0,385750.0,1607139.0,385750.0,1607139.0,385750.0,1607139.0,385750.0
2022-05-19,0050,645000,18000,64000,0,599000,434500000,32012000,373000,2309000,0,30076000,3749455,0,1165177.0,4596000.0,1165177.0,4596000.0,1165177.0,4596000.0,1165177.0,4596000.0
2022-05-20,0050,599000,11000,9000,0,601000,434875000,30076000,0,0,0,30076000,3621319,0,1161288.0,207050.0,1161288.0,207050.0,1161288.0,207050.0,1161288.0,207050.0
2022-05-23,0050,601000,18000,8000,0,611000,434875000,30076000,63000,0,0,30139000,3555104,0,297685.0,513896.0,297685.0,513896.0,297685.0,513896.0,297685.0,513896.0
2022-05-24,0050,611000,49000,10000,0,650000,434875000,30139000,266000,0,0,30405000,3425295,0,682225.0,1545526.0,682225.0,1545526.0,682225.0,1545526.0,682225.0,1545526.0
2022-05-25,0050,650000,15000,12000,0,653000,434875000,30405000,21000,100000,0,30326000,3298870,0,979445.0,489000.0,979445.0,489000.0,979445.0,489000.0,979445.0,489000.0
2022-05-26,0050,653000,6000,1000,0,658000,436250000,30326000,239000,0,0,30565000,3288812,0,41126.0,3350228.0,41126.0,3350228.0,41126.0,3350228.0,41126.0,3350228.0
2022-05-27,0050,658000,76000,12000,0,722000,436750000,30565000,445000,0,0,31010000,3355419,0,4264084.0,1806712.0,4264084.0,1806712.0,4264084.0,1806712.0,4264084.0,1806712.0
2022-05-30,0050,722000,73000,51000,0,744000,437125000,31010000,62000,0,0,31072000,3280480,0,5828740.0,1747230.0,5828740.0,1747230.0,5828740.0,1747230.0,5828740.0,1747230.0
2022-05-31,0050,744000,34000,9000,0,769000,437125000,31072000,209000,0,0,31281000,3157851,0,3002452.0,774418.0,3002452.0,774418.0,3002452.0,774418.0,3002452.0,774418.0
2022-06-01,0050,769000,37000,6000,0,800000,436375000,31281000,123000,0,0,31404000,3130819,0,3276356.0,604000.0,3276356.0,604000.0,3276356.0,604000.0,3276356.0,604000.0
2022-06-02,0050,800000,34000,18000,0,816000,442625000,31404000,0,100000,0,31304000,3106995,0,1072667.0,2544210.0,1072667.0,2544210.0,1072667.0,2544210.0,1072667.0,2544210.0
2022-06-06,0050,816000,29000,36000,0,809000,442625000,31304000,70000,0,0,31374000,3107652,0,31118.0,1107000.0,31118.0,1107000.0,31118.0,1107000.0,31118.0,1107000.0
2022-06-07,0050,809000,16000,54000,0,771000,454375000,31374000,4000,0,0,31378000,3035272,0,18059.0,2111128.0,18059.0,2111128.0,18059.0,2111128.0,18059.0,2111128.0
2022-06-08,0050,771000,68000,3000,0,836000,470750000,31378000,867000,0,0,32245000,2725793,0,1688442.0,673504.0,1688442.0,673504.0,1688442.0,673504.0,1688442.0,673504.0
2022-06-09,0050,836000,8000,20000,0,824000,482250000,32245000,46000,300000,0,31991000,2642747,0,126210.0,825000.0,126210.0,825000.0,126210.0,825000.0,126210.0,825000.0
2022-06-10,0050,824000,15000,73000,0,766000,485750000,31991000,1878000,0,0,33869000,2376470,0,101954.0,2830250.0,101954.0,2830250.0,101954.0,2830250.0,101954.0,2830250.0
2022-06-13,0050,766000,20000,71000,0,715000,489000000,33869000,2375000,0,0,36244000,2437723,0,520144.0,14321000.0,520144.0,14321000.0,520144.0,14321000.0,520144.0,14321000.0
2022-06-14,0050,715000,55000,95000,0,675000,514875000,36244000,1532000,63000,0,37713000,2439757,0,1434096.0,4283000.0,1434096.0,4283000.0,1434096.0,4283000.0,1434096.0,4283000.0
2022-06-15,0050,675000,15000,52000,0,638000,482000000,37713000,613000,637000,0,37689000,2463273,0,4368481.0,3128000.0,4368481.0,3128000.0,4368481.0,3128000.0,4368481.0,3128000.0
2022-06-16,0050,638000,81000,9000,0,710000,480750000,37689000,430000,0,0,38119000,2491186,0,5613342.0,5208000.0,5613342.0,5208000.0,5613342.0,5208000.0,5613342.0,5208000.0
2022-06-17,0050,710000,23000,80000,0,653000,480875000,38119000,382000,0,0,38501000,2638738,0,1475990.0,13653350.0,1475990.0,13653350.0,1475990.0,13653350.0,1475990.0,13653350.0
2022-06-20,0050,653000,27000,67000,0,613000,481375000,38501000,721000,0,0,39222000,2566914,0,220929.0,4177400.0,220929.0,4177400.0,220929.0,4177400.0,220929.0,4177400.0
2022-06-21,0050,613000,34000,45000,0,602000,487125000,39222000,16000,0,0,39238000,2491268,0,1004291.0,1832100.0,1004291.0,1832100.0,1004291.0,1832100.0,1004291.0,1832100.0
2022-06-22,0050,602000,27000,40000,0,589000,488750000,39238000,5000,20000,0,39223000,2504341,0,384772.0,11198000.0,384772.0,11198000.0,384772.0,11198000.0,384772.0,11198000.0
2022-06-23,0050,589000,25000,34000,0,580000,494250000,39223000,290000,5000000,0,34513000,2600296,0,842431.0,5663223.0,842431.0,5663223.0,842431.0,5663223.0,842431.0,5663223.0
2022-06-24,0050,580000,10000,22000,0,568000,496750000,34513000,126000,30000,0,34609000,2575027,0,1086863.0,1754350.0,1086863.0,1754350.0,1086863.0,1754350.0,1086863.0,1754350.0
2022-06-27,0050,568000,32000,68000,0,532000,500625000,34609000,213000,1500000,0,33322000,2670972,0,2538279.0,6763820.0,2538279.0,6763820.0,2538279.0,6763820.0,2538279.0,6763820.0
2022-06-28,0050,532000,14000,29000,0,517000,501500000,33322000,478000,1091000,0,32709000,2721514,0,183755.0,8255100.0,183755.0,8255100.0,183755.0,8255100.0,183755.0,8255100.0
2022-06-29,0050,517000,35000,24000,0,528000,504000000,32709000,44000,0,0,32753000,2744226,0,390126.0,4015850.0,390126.0,4015850.0,390126.0,4015850.0,390126.0,4015850.0
2022-06-30,0050,528000,31000,29000,0,530000,507000000,32753000,39000,195000,0,32597000,2898870,0,447694.0,15981536.0,447694.0,15981536.0,447694.0,15981536.0,447694.0,15981536.0
2022-07-01,0050,530000,71000,35000,0,566000,508750000,32597000,0,0,0,32597000,3188711,0,4396115.0,14025460.0,4396115.0,14025460.0,4396115.0,14025460.0,4396115.0,14025460.0
2022-07-04,0050,566000,49000,54000,0,561000,513000000,32597000,2918000,0,0,35515000,3424604,0,1559792.0,13643682.0,1559792.0,13643682.0,1559792.0,13643682.0,1559792.0,13643682.0
2022-07-05,0050,561000,118000,118000,0,561000,513000000,35515000,1803000,0,0,37318000,3566520,0,864745.0,8375997.0,864745.0,8375997.0,864745.0,8375997.0,864745.0,8375997.0
2022-07-06,0050,561000,32000,142000,50000,401000,514500000,37318000,1000,0,0,37319000,3679022,0,573542.0,10371993.0,573542.0,10371993.0,573542.0,10371993.0,573542.0,10371993.0
2022-07-07,0050,401000,177000,63000,67000,448000,514500000,37319000,0,45000,0,37274000,3789747,0,2439037.0,988117.0,2439037.0,988117.0,2439037.0,988117.0,2439037.0,988117.0
2022-07-08,0050,448000,27000,48000,0,427000,514500000,37274000,0,25000,0,37249000,3833667,0,815352.0,2654030.0,815352.0,2654030.0,815352.0,2654030.0,815352.0,2654030.0
2022-07-11,0050,427000,28000,99000,0,356000,514500000,37249000,0,3221000,0,34028000,3795027,0,804779.0,4097230.0,804779.0,4097230.0,804779.0,4097230.0,804779.0,4097230.0
2022-07-12,0050,356000,0,301000,50000,5000,514500000,34028000,0,1501000,0,32527000,3766986,0,709840.0,6917000.0,709840.0,6917000.0,709840.0,6917000.0,709840.0,6917000.0
2022-07-13,0050,5000,0,0,5000,0,515750000,32527000,120000,0,0,32647000,3948054,0,7469102.0,8775190.0,7469102.0,8775190.0,7469102.0,8775190.0,7469102.0,8775190.0
2022-07-14,0050,0,0,0,0,0,515250000,32647000,145000,100000,0,32692000,4031930,0,574697.0,5749000.0,574697.0,5749000.0,574697.0,5749000.0,574697.0,5749000.0
2022-07-15,0050,0,0,0,0,0,512375000,32692000,54000,0,0,32746000,4175557,0,1056499.0,7332378.0,1056499.0,7332378.0,1056499.0,7332378.0,1056499.0,7332378.0
2022-07-18,0050,0,64000,0,0,64000,513750000,32746000,0,0,0,32746000,4359407,0,273107.0,14295000.0,273107.0,14295000.0,273107.0,14295000.0,273107.0,14295000.0
2022-07-19,0050,64000,51000,7000,0,108000,519750000,32746000,0,208000,0,32538000,4442598,0,2214621.0,7863243.0,2214621.0,7863243.0,2214621.0,7863243.0,2214621.0,7863243.0
2022-07-20,0050,108000,24000,18000,0,114000,517125000,32538000,4402000,384000,0,36556000,4574065,0,1908754.0,7723224.0,1908754.0,7723224.0,1908754.0,7723224.0,1908754.0,7723224.0
2022-07-21,0050,114000,32000,4000,0,142000,517750000,36556000,285000,0,0,36841000,4643662,0,1180735.0,1449000.0,1180735.0,1449000.0,1180735.0,1449000.0,1180735.0,1449000.0
2022-07-22,0050,142000,56000,21000,0,177000,519500000,36841000,120000,78000,0,36883000,4756545,0,3367653.0,3505000.0,3367653.0,3505000.0,3367653.0,3505000.0,3367653.0,3505000.0
2022-07-25,0050,177000,47000,23000,0,201000,521375000,36883000,25000,0,0,36908000,4680626,0,1987892.0,863078.0,1987892.0,863078.0,1987892.0,863078.0,1987892.0,863078.0
2022-07-26,0050,201000,23000,34000,0,190000,521250000,36908000,171000,210000,0,36869000,4686651,0,602488.0,3739995.0,602488.0,3739995.0,602488.0,3739995.0,602488.0,3739995.0
2022-07-27,0050,190000,129000,3000,0,316000,522500000,36869000,0,5137000,0,31732000,4673946,0,1516897.0,1560038.0,1516897.0,1560038.0,1516897.0,1560038.0,1516897.0,1560038.0
2022-07-28,0050,316000,34000,24000,0,326000,522500000,31732000,150000,3435000,0,28447000,4628364,0,450242.0,1821433.0,450242.0,1821433.0,450242.0,1821433.0,450242.0,1821433.0
2022-07-29,0050,326000,61000,15000,0,372000,522500000,28447000,0,0,0,28447000,4498643,0,621633.0,1541393.0,621633.0,1541393.0,621633.0,1541393.0,621633.0,1541393.0
2022-08-01,0050,372000,27000,9000,0,390000,522500000,28447000,0,0,-150000,28297000,4480841,0,909136.0,6796431.0,909136.0,6796431.0,909136.0,6796431.0,909136.0,6796431.0
2022-08-02,0050,390000,91000,93000,0,388000,522500000,28297000,30000,200000,0,28127000,4599928,0,1145809.0,11376415.0,1145809.0,11376415.0,1145809.0,11376415.0,1145809.0,11376415.0
2022-08-03,0050,388000,80000,4000,0,464000,523750000,28127000,0,1389000,0,26738000,4519203,0,981940.0,2448428.0,981940.0,2448428.0,981940.0,2448428.0,981940.0,2448428.0
2022-08-04,0050,464000,69000,41000,0,492000,523750000,26738000,0,1015000,0,25723000,4409751,0,637409.0,1136956.0,637409.0,1136956.0,637409.0,1136956.0,637409.0,1136956.0
2022-08-05,0050,492000,103000,119000,0,476000,523750000,25723000,0,501000,0,25222000,4394340,0,2154217.0,509602.0,2154217.0,509602.0,2154217.0,509602.0,2154217.0,509602.0
2022-08-08,0050,476000,18000,31000,0,463000,525000000,25222000,0,0,0,25222000,4314734,0,667959.0,3626226.0,667959.0,3626226.0,667959.0,3626226.0,667959.0,3626226.0
2022-08-09,0050,463000,15000,34000,0,444000,525000000,25222000,0,0,0,25222000,4285202,0,1942953.0,3531238.0,1942953.0,3531238.0,1942953.0,3531238.0,1942953.0,3531238.0
2022-08-10,0050,444000,7000,57000,0,394000,525000000,25222000,0,430000,0,24792000,4296462,0,239460.0,3786512.0,239460.0,3786512.0,239460.0,3786512.0,239460.0,3786512.0
2022-08-11,0050,394000,39000,30000,0,403000,525000000,24792000,0,300000,0,24492000,4185388,0,2598717.0,364040.0,2598717.0,364040.0,2598717.0,364040.0,2598717.0,364040.0
2022-08-12,0050,403000,72000,22000,0,453000,525000000,24492000,0,150000,0,24342000,3902584,0,2975643.0,422260.0,2975643.0,422260.0,2975643.0,422260.0,2975643.0,422260.0
2022-08-15,0050,453000,36000,35000,1000,453000,525000000,24342000,0,55000,0,24287000,3726394,0,1002622.0,139485.0,1002622.0,139485.0,1002622.0,139485.0,1002622.0,139485.0
2022-08-16,0050,453000,31000,35000,0,449000,524750000,24287000,0,0,0,24287000,3657027,0,416685.0,1772030.0,416685.0,1772030.0,416685.0,1772030.0,416685.0,1772030.0
2022-08-17,0050,449000,57000,6000,0,500000,524750000,24287000,0,837000,0,23450000,3630980,0,1619365.0,7151300.0,1619365.0,7151300.0,1619365.0,7151300.0,1619365.0,7151300.0
2022-08-18,0050,500000,36000,55000,0,481000,524750000,23450000,0,1200000,0,22250000,3549385,0,280649.0,1066000.0,280649.0,1066000.0,280649.0,1066000.0,280649.0,1066000.0
2022-08-19,0050,481000,21000,13000,0,489000,524750000,22250000,0,0,0,22250000,3486218,0,324268.0,1066000.0,324268.0,1066000.0,324268.0,1066000.0,324268.0,1066000.0
2022-08-22,0050,489000,23000,33000,0,479000,523625000,22250000,92000,580000,0,21762000,3495627,0,153801.0,5479000.0,153801.0,5479000.0,153801.0,5479000.0,153801.0,5479000.0
2022-08-23,0050,479000,33000,67000,0,445000,524375000,21762000,0,1808000,0,19954000,3486219,0,202363.0,7444673.0,202363.0,7444673.0,202363.0,7444673.0,202363.0,7444673.0
2022-08-24,0050,445000,27000,17000,0,455000,522750000,19954000,848000,0,0,20802000,3308408,0,1234101.0,4015000.0,1234101.0,4015000.0,1234101.0,4015000.0,1234101.0,4015000.0
2022-08-25,0050,455000,13000,30000,0,438000,526875000,20802000,2000,417000,0,20387000,3208662,0,489234.0,1709295.0,489234.0,1709295.0,489234.0,1709295.0,489234.0,1709295.0
2022-08-26,0050,438000,23000,23000,0,438000,528250000,20387000,1000,1590000,0,18798000,3119552,0,1495242.0,2165164.0,1495242.0,2165164.0,1495242.0,2165164.0,1495242.0,2165164.0
2022-08-29,0050,438000,58000,40000,0,456000,529500000,18798000,20000,0,0,18818000,3065268,0,364587.0,7530000.0,364587.0,7530000.0,364587.0,7530000.0,364587.0,7530000.0
2022-08-30,0050,456000,22000,37000,0,441000,529500000,18818000,1459000,0,0,20277000,3057695,0,336781.0,9030612.0,336781.0,9030612.0,336781.0,9030612.0,336781.0,9030612.0
2022-08-31,0050,441000,57000,15000,0,483000,530875000,20277000,16000,0,0,20293000,2958373,0,314424.0,2369039.0,314424.0,2369039.0,314424.0,2369039.0,314424.0,2369039.0
2022-09-01,0050,483000,55000,75000,0,463000,530250000,20293000,738000,294000,0,20737000,3100027,0,2611420.0,12220823.0,2611420.0,12220823.0,2611420.0,12220823.0,2611420.0,12220823.0
2022-09-02,0050,463000,68000,69000,0,462000,531500000,20737000,1790000,33000,0,22494000,3094497,0,540516.0,7666593.0,540516.0,7666593.0,540516.0,7666593.0,540516.0,7666593.0
2022-09-05,0050,462000,44000,10000,0,496000,531625000,22494000,668000,1248000,0,21914000,3081127,0,1069273.0,5805925.0,1069273.0,5805925.0,1069273.0,5805925.0,1069273.0,5805925.0
2022-09-06,0050,496000,98000,18000,0,576000,532875000,21914000,121000,871000,0,21164000,3017932,0,646871.0,2870200.0,646871.0,2870200.0,646871.0,2870200.0,646871.0,2870200.0
2022-09-07,0050,576000,108000,83000,0,601000,533125000,21164000,874000,38000,0,22000000,3111220,0,242041.0,9434683.0,242041.0,9434683.0,242041.0,9434683.0,242041.0,9434683.0
2022-09-08,0050,601000,75000,41000,0,635000,535125000,22000000,0,626000,0,21374000,3100997,0,598604.0,2668490.0,598604.0,2668490.0,598604.0,2668490.0,598604.0,2668490.0
2022-09-12,0050,635000,72000,89000,0,618000,535125000,21374000,0,500000,0,20874000,3096589,0,220223.0,223360.0,220223.0,223360.0,220223.0,223360.0,220223.0,223360.0
2022-09-13,0050,618000,27000,46000,0,599000,535250000,20874000,0,3501000,0,17373000,3045860,0,418144.0,488150.0,418144.0,488150.0,418144.0,488150.0,418144.0,488150.0
2022-09-14,0050,599000,99000,50000,0,648000,535250000,17373000,35000,0,0,17408000,2978613,0,139471.0,5972779.0,139471.0,5972779.0,139471.0,5972779.0,139471.0,5972779.0
2022-09-15,0050,648000,14000,20000,0,642000,534750000,17408000,0,0,0,17408000,2938127,0,89022.0,1453223.0,89022.0,1453223.0,89022.0,1453223.0,89022.0,1453223.0
2022-09-16,0050,642000,19000,44000,0,617000,532250000,17408000,267000,0,0,17675000,3005625,0,139300.0,5501930.0,139300.0,5501930.0,139300.0,5501930.0,139300.0,5501930.0
2022-09-19,0050,617000,54000,24000,0,647000,534125000,17675000,212000,0,0,17887000,2986425,0,292909.0,2312000.0,292909.0,2312000.0,292909.0,2312000.0,292909.0,2312000.0
2022-09-20,0050,647000,50000,53000,0,644000,523250000,17887000,180000,50000,0,18017000,2956762,0,979247.0,1452045.0,979247.0,1452045.0,979247.0,1452045.0,979247.0,1452045.0
2022-09-21,0050,644000,14000,35000,0,623000,523250000,18017000,1547000,242000,0,19322000,2991615,0,187227.0,5933100.0,187227.0,5933100.0,187227.0,5933100.0,187227.0,5933100.0
2022-09-22,0050,623000,88000,53000,0,658000,521625000,19322000,90000,300000,0,19112000,3074586,0,315621.0,7636160.0,315621.0,7636160.0,315621.0,7636160.0,315621.0,7636160.0
2022-09-23,0050,658000,52000,22000,0,688000,522375000,19112000,352000,0,0,19464000,3123282,0,127955.0,7856000.0,127955.0,7856000.0,127955.0,7856000.0,127955.0,7856000.0
2022-09-26,0050,688000,113000,44000,0,757000,523625000,19464000,1888000,0,0,21352000,3255348,0,662327.0,12003000.0,662327.0,12003000.0,662327.0,12003000.0,662327.0,12003000.0
2022-09-27,0050,757000,50000,104000,0,703000,524500000,21352000,0,0,0,21352000,3252774,0,196477.0,5686340.0,196477.0,5686340.0,196477.0,5686340.0,196477.0,5686340.0
2022-09-28,0050,703000,86000,95000,0,694000,524625000,21352000,1095000,43000,0,22404000,3355087,0,358548.0,9545400.0,358548.0,9545400.0,358548.0,9545400.0,358548.0,9545400.0
2022-09-29,0050,694000,152000,70000,0,776000,525875000,22404000,266000,0,0,22670000,3326016,0,230661.0,2744000.0,230661.0,2744000.0,230661.0,2744000.0,230661.0,2744000.0
2022-09-30,0050,776000,86000,95000,0,767000,526625000,22670000,1546000,442000,0,23774000,2270751,0,702869.0,4773100.0,702869.0,4773100.0,702869.0,4773100.0,702869.0,4773100.0
2022-10-03,0050,767000,49000,91000,0,725000,524750000,23774000,1865000,3000,0,25636000,2321820,0,690861.0,3425000.0,690861.0,3425000.0,690861.0,3425000.0,690861.0,3425000.0
2022-10-04,0050,725000,71000,122000,0,674000,525125000,25636000,140000,798000,0,24978000,2314222,0,389536.0,1563030.0,389536.0,1563030.0,389536.0,1563030.0,389536.0,1563030.0
2022-10-05,0050,674000,103000,148000,0,629000,524500000,24978000,432000,20000,0,25390000,2314880,0,1335967.0,632430.0,1335967.0,632430.0,1335967.0,632430.0,1335967.0,632430.0
2022-10-06,0050,629000,74000,42000,0,661000,526000000,25390000,0,0,0,25390000,2322429,0,3209617.0,411000.0,3209617.0,411000.0,3209617.0,411000.0,3209617.0,411000.0
2022-10-07,0050,661000,25000,35000,0,651000,526500000,25390000,1234000,0,0,26624000,2349212,0,435185.0,3561000.0,435185.0,3561000.0,435185.0,3561000.0,435185.0,3561000.0
2022-10-11,0050,651000,60000,103000,0,608000,528000000,26624000,1850000,161000,0,28313000,1255499,0,1429853.0,19232589.0,1429853.0,19232589.0,1429853.0,19232589.0,1429853.0,19232589.0
2022-10-12,0050,608000,39000,22000,0,625000,539000000,28313000,1255000,200000,0,29368000,1246220,0,1164156.0,3950437.0,1164156.0,3950437.0,1164156.0,3950437.0,1164156.0,3950437.0
2022-10-13,0050,625000,130000,12000,0,743000,539250000,29368000,909000,0,0,30277000,1278232,0,747285.0,13207000.0,747285.0,13207000.0,747285.0,13207000.0,747285.0,13207000.0
2022-10-14,0050,743000,144000,111000,0,776000,541625000,30277000,1278000,0,0,31555000,1293095,0,1293360.0,1871030.0,1293360.0,1871030.0,1293360.0,1871030.0,1293360.0,1871030.0
2022-10-17,0050,776000,34000,26000,0,784000,543375000,31555000,1293000,318000,0,32530000,1284638,0,1187327.0,9143000.0,1187327.0,9143000.0,1187327.0,9143000.0,1187327.0,9143000.0
2022-10-18,0050,784000,6000,27000,0,763000,545000000,32530000,0,212000,0,32318000,1255522,0,566890.0,622000.0,566890.0,622000.0,566890.0,622000.0,566890.0,622000.0
2022-10-19,0050,763000,23000,44000,0,742000,553000000,32318000,969000,9000,0,33278000,1277724,0,1346335.0,6035300.0,1346335.0,6035300.0,1346335.0,6035300.0,1346335.0,6035300.0
2022-10-20,0050,742000,66000,42000,0,766000,555000000,33278000,1277000,4866000,0,29689000,1322039,0,1101476.0,9254000.0,1101476.0,9254000.0,1101476.0,9254000.0,1101476.0,9254000.0
2022-10-21,0050,766000,32000,17000,0,781000,555875000,29689000,429000,203000,0,29915000,1306231,0,1014549.0,5680000.0,1014549.0,5680000.0,1014549.0,5680000.0,1014549.0,5680000.0
2022-10-24,0050,781000,20000,41000,0,760000,558875000,29915000,625000,650000,0,29890000,1339071,0,841624.0,6221000.0,841624.0,6221000.0,841624.0,6221000.0,841624.0,6221000.0
2022-10-25,0050,760000,35000,65000,0,730000,562625000,29890000,843000,0,0,30733000,1384123,0,947152.0,7245178.0,947152.0,7245178.0,947152.0,7245178.0,947152.0,7245178.0
2022-10-26,0050,730000,91000,79000,0,742000,564125000,30733000,1209000,0,0,31942000,1405578,0,615184.0,3487000.0,615184.0,3487000.0,615184.0,3487000.0,615184.0,3487000.0
2022-10-27,0050,742000,27000,80000,0,689000,564250000,31942000,226000,4523000,0,27645000,1393508,0,1379420.0,2183057.0,1379420.0,2183057.0,1379420.0,2183057.0,1379420.0,2183057.0
2022-10-28,0050,689000,19000,71000,0,637000,565250000,27645000,386000,967000,0,27064000,1420344,0,390180.0,4979000.0,390180.0,4979000.0,390180.0,4979000.0,390180.0,4979000.0
2022-10-31,0050,637000,36000,33000,0,640000,565250000,27064000,686000,306000,0,27444000,1408479,0,240169.0,5696050.0,240169.0,5696050.0,240169.0,5696050.0,240169.0,5696050.0
2022-11-01,0050,640000,25000,14000,0,651000,567125000,27444000,50000,0,0,27494000,1411101,0,551528.0,4121060.0,551528.0,4121060.0,551528.0,4121060.0,551528.0,4121060.0
2022-11-02,0050,651000,9000,31000,0,629000,567125000,27494000,627000,67000,0,28054000,1415253,0,2170561.0,864172.0,2170561.0,864172.0,2170561.0,864172.0,2170561.0,864172.0
2022-11-03,0050,629000,12000,120000,3000,518000,567125000,28054000,1155000,512000,0,28697000,1423240,0,100126.0,2584070.0,100126.0,2584070.0,100126.0,2584070.0,100126.0,2584070.0
2022-11-04,0050,518000,52000,9000,0,561000,567875000,28697000,410000,40000,0,29067000,1392020,0,1773855.0,1398000.0,1773855.0,1398000.0,1773855.0,1398000.0,1773855.0,1398000.0
2022-11-07,0050,561000,28000,25000,0,564000,568375000,29067000,226000,0,0,29293000,1380812,0,1171471.0,2856212.0,1171471.0,2856212.0,1171471.0,2856212.0,1171471.0,2856212.0
2022-11-08,0050,564000,63000,71000,0,556000,568875000,29293000,0,1161000,0,28132000,1343884,0,1180709.0,2172729.0,1180709.0,2172729.0,1180709.0,2172729.0,1180709.0,2172729.0
2022-11-09,0050,556000,66000,81000,0,541000,569000000,28132000,74000,0,0,28206000,1376313,0,11445570.0,609065.0,11445570.0,609065.0,11445570.0,609065.0,11445570.0,609065.0
2022-11-10,0050,541000,23000,30000,0,534000,569250000,28206000,0,52000,0,28154000,1358871,0,2525469.0,2859200.0,2525469.0,2859200.0,2525469.0,2859200.0,2525469.0,2859200.0
2022-11-11,0050,534000,109000,67000,0,576000,571500000,28154000,34000,655000,0,27533000,1438625,0,21642272.0,3772181.0,21642272.0,3772181.0,21642272.0,3772181.0,21642272.0,3772181.0
2022-11-14,0050,576000,55000,32000,0,599000,572000000,27533000,11000,0,0,27544000,1455234,0,11584006.0,2915725.0,11584006.0,2915725.0,11584006.0,2915725.0,11584006.0,2915725.0
2022-11-15,0050,599000,142000,50000,0,691000,572375000,27544000,327000,41000,0,27830000,1531312,0,17731135.0,4494307.0,17731135.0,4494307.0,17731135.0,4494307.0,17731135.0,4494307.0
2022-11-16,0050,691000,58000,104000,0,645000,572625000,27830000,169000,8456000,0,19543000,1586040,0,11480131.0,6750397.0,11480131.0,6750397.0,11480131.0,6750397.0,11480131.0,6750397.0
2022-11-17,0050,645000,43000,50000,0,638000,572625000,19543000,22000,2235000,0,17330000,1594531,0,3064270.0,1404000.0,3064270.0,1404000.0,3064270.0,1404000.0,3064270.0,1404000.0
2022-11-18,0050,638000,31000,18000,0,651000,572625000,17330000,46000,300000,0,17076000,1602121,0,3742324.0,1199500.0,3742324.0,1199500.0,3742324.0,1199500.0,3742324.0,1199500.0
2022-11-21,0050,651000,45000,21000,0,675000,571375000,17076000,7000,282000,0,16801000,1601514,0,3222717.0,1554416.0,3222717.0,1554416.0,3222717.0,1554416.0,3222717.0,1554416.0
2022-11-22,0050,675000,38000,39000,0,674000,571375000,16801000,109000,1784000,0,15126000,1506036,0,2993281.0,199537.0,2993281.0,199537.0,2993281.0,199537.0,2993281.0,199537.0
2022-11-23,0050,674000,39000,39000,0,674000,571375000,15126000,0,0,0,15126000,1485235,0,3027521.0,1425150.0,3027521.0,1425150.0,3027521.0,1425150.0,3027521.0,1425150.0
2022-11-24,0050,674000,21000,89000,0,606000,572750000,15126000,1485000,0,0,16611000,1462954,0,8650168.0,5208044.0,8650168.0,5208044.0,8650168.0,5208044.0,8650168.0,5208044.0
2022-11-25,0050,606000,29000,3000,0,632000,572750000,16611000,611000,536000,0,16686000,1478154,0,9502166.0,2397965.0,9502166.0,2397965.0,9502166.0,2397965.0,9502166.0,2397965.0
2022-11-28,0050,632000,44000,57000,1000,618000,573000000,16686000,45000,0,0,16731000,1461430,0,2116709.0,2963883.0,2116709.0,2963883.0,2116709.0,2963883.0,2116709.0,2963883.0
2022-11-29,0050,618000,60000,32000,0,646000,574750000,16731000,0,0,0,16731000,1475797,0,3912891.0,1563824.0,3912891.0,1563824.0,3912891.0,1563824.0,3912891.0,1563824.0
2022-11-30,0050,646000,36000,10000,0,672000,574750000,16731000,283000,0,0,17014000,1453687,0,6351603.0,172027.0,6351603.0,172027.0,6351603.0,172027.0,6351603.0,172027.0
2022-12-01,0050,672000,107000,116000,0,663000,575875000,17014000,1546000,0,0,18560000,1470636,0,12786123.0,1552719.0,12786123.0,1552719.0,12786123.0,1552719.0,12786123.0,1552719.0
2022-12-02,0050,663000,10000,28000,0,645000,576625000,18560000,407000,0,0,18967000,1454325,0,1809555.0,1241404.0,1809555.0,1241404.0,1809555.0,1241404.0,1809555.0,1241404.0
2022-12-05,0050,645000,61000,7000,0,699000,577000000,18967000,220000,226000,0,18961000,1437469,0,7731053.0,1339557.0,7731053.0,1339557.0,7731053.0,1339557.0,7731053.0,1339557.0
2022-12-06,0050,699000,27000,56000,0,670000,577000000,18961000,96000,0,0,19057000,1401705,0,893268.0,5824876.0,893268.0,5824876.0,893268.0,5824876.0,893268.0,5824876.0
2022-12-07,0050,670000,188000,20000,0,838000,577000000,19057000,60000,0,0,19117000,1393144,0,849580.0,3082127.0,849580.0,3082127.0,849580.0,3082127.0,849580.0,3082127.0
2022-12-08,0050,838000,49000,70000,0,817000,577250000,19117000,0,0,0,19117000,1397905,0,1262805.0,4867171.0,1262805.0,4867171.0,1262805.0,4867171.0,1262805.0,4867171.0
2022-12-09,0050,817000,59000,27000,0,849000,577250000,19117000,0,35000,0,19082000,1378878,0,1597907.0,161343.0,1597907.0,161343.0,1597907.0,161343.0,1597907.0,161343.0
2022-12-12,0050,849000,59000,67000,0,841000,577250000,19082000,22000,0,0,19104000,1373763,0,743422.0,5860468.0,743422.0,5860468.0,743422.0,5860468.0,743422.0,5860468.0
2022-12-13,0050,841000,41000,30000,0,852000,579250000,19104000,52000,0,0,19156000,1368326,0,977996.0,2076479.0,977996.0,2076479.0,977996.0,2076479.0,977996.0,2076479.0
2022-12-14,0050,852000,184000,28000,0,1008000,579250000,19156000,316000,0,0,19472000,1370967,0,2069232.0,575884.0,2069232.0,575884.0,2069232.0,575884.0,2069232.0,575884.0
2022-12-15,0050,1008000,15000,103000,0,920000,579250000,19472000,22000,1485000,0,18009000,1350891,0,2327768.0,5784885.0,2327768.0,5784885.0,2327768.0,5784885.0,2327768.0,5784885.0
2022-12-16,0050,920000,23000,46000,0,897000,579250000,18009000,373000,0,0,18382000,1371109,0,310527.0,5481230.0,310527.0,5481230.0,310527.0,5481230.0,310527.0,5481230.0
2022-12-19,0050,897000,19000,59000,0,857000,579250000,18382000,432000,0,0,18814000,1351243,0,397620.0,1663819.0,397620.0,1663819.0,397620.0,1663819.0,397620.0,1663819.0
2022-12-20,0050,857000,70000,27000,0,900000,576750000,18814000,547000,0,0,19361000,1360309,0,980131.0,4130000.0,980131.0,4130000.0,980131.0,4130000.0,980131.0,4130000.0
2022-12-21,0050,900000,51000,22000,0,929000,576750000,19361000,743000,226000,0,19878000,1336623,0,3643200.0,6372190.0,3643200.0,6372190.0,3643200.0,6372190.0,3643200.0,6372190.0
2022-12-22,0050,929000,29000,22000,0,936000,576750000,19878000,508000,0,0,20386000,1303468,0,1741134.0,513100.0,1741134.0,513100.0,1741134.0,513100.0,1741134.0,513100.0
2022-12-23,0050,936000,31000,50000,0,917000,576750000,20386000,110000,0,0,20496000,1208207,0,60858.0,3287000.0,60858.0,3287000.0,60858.0,3287000.0,60858.0,3287000.0
2022-12-26,0050,917000,19000,47000,0,889000,576750000,20496000,1031000,51000,0,21476000,1160297,0,70761.0,355000.0,70761.0,355000.0,70761.0,355000.0,70761.0,355000.0
2022-12-27,0050,889000,41000,12000,0,918000,576750000,21476000,20000,0,0,21496000,1058532,0,285207.0,162000.0,285207.0,162000.0,285207.0,162000.0,285207.0,162000.0
2022-12-28,0050,918000,11000,74000,0,855000,576750000,21496000,818000,0,0,22314000,1021034,0,72874.0,5835314.0,72874.0,5835314.0,72874.0,5835314.0,72874.0,5835314.0
2022-12-29,0050,855000,24000,82000,0,797000,576750000,22314000,1021000,50000,0,23285000,1023037,0,1729774.0,8802662.0,1729774.0,8802662.0,1729774.0,8802662.0,1729774.0,8802662.0
2022-12-30,0050,797000,29000,18000,0,808000,576750000,23285000,1023000,0,0,24308000,1016111,0,111890.0,4060000.0,111890.0,4060000.0,111890.0,4060000.0,111890.0,4060000.0
2023-01-03,0050,808000,7000,158000,0,657000,578125000,24308000,1016000,0,0,25324000,1037093,0,768279.0,10508108.0,768279.0,10508108.0,768279.0,10508108.0,768279.0,10508108.0
2023-01-04,0050,657000,12000,16000,0,653000,576750000,25324000,1037000,0,0,26361000,1065138,0,787498.0,10578415.0,787498.0,10578415.0,787498.0,10578415.0,787498.0,10578415.0
2023-01-05,0050,653000,21000,145000,0,529000,577125000,26361000,1069000,0,0,27430000,1079041,0,187541.0,6671447.0,187541.0,6671447.0,187541.0,6671447.0,187541.0,6671447.0
2023-01-06,0050,529000,36000,56000,0,509000,579625000,27430000,1079000,32000,0,28477000,1066325,0,213014.0,2721900.0,213014.0,2721900.0,213014.0,2721900.0,213014.0,2721900.0
2023-01-09,0050,509000,120000,228000,11000,390000,579750000,28477000,0,0,0,28477000,1064009,0,3195460.0,1102516.0,3195460.0,1102516.0,3195460.0,1102516.0,3195460.0,1102516.0
2023-01-10,0050,390000,14000,70000,0,334000,581125000,28477000,925000,0,0,29402000,1053344,0,3862416.0,574085.0,3862416.0,574085.0,3862416.0,574085.0,3862416.0,574085.0
2023-01-11,0050,334000,19000,100000,1000,252000,582250000,29402000,663000,5903000,0,24162000,1069752,0,61894.0,4380039.0,61894.0,4380039.0,61894.0,4380039.0,61894.0,4380039.0
2023-01-12,0050,252000,0,243000,2000,7000,577000000,24162000,360000,0,0,24522000,1072133,0,758305.0,1266538.0,758305.0,1266538.0,758305.0,1266538.0,758305.0,1266538.0
2023-01-13,0050,7000,0,0,7000,0,576375000,24522000,30000,2100000,0,22452000,1084717,0,12293057.0,671260.0,12293057.0,671260.0,12293057.0,671260.0,12293057.0,671260.0
2023-01-16,0050,0,0,0,0,0,575375000,22452000,41000,1031000,0,21462000,1152741,0,10917070.0,1464796.0,10917070.0,1464796.0,10917070.0,1464796.0,10917070.0,1464796.0
2023-01-17,0050,0,0,0,0,0,565125000,21462000,10000,0,0,21472000,1160309,0,84521.0,4924417.0,84521.0,4924417.0,84521.0,4924417.0,84521.0,4924417.0
2023-01-30,0050,0,217000,0,0,217000,565125000,21472000,3000,0,0,21475000,1272619,0,26156303.0,1108140.0,26156303.0,1108140.0,26156303.0,1108140.0,26156303.0,1108140.0
2023-01-31,0050,217000,47000,94000,0,170000,565125000,21475000,20000,0,0,21495000,1318744,0,7232825.0,1792409.0,7232825.0,1792409.0,7232825.0,1792409.0,7232825.0,1792409.0
2023-02-01,0050,170000,82000,10000,0,242000,565125000,21495000,0,1492000,0,20003000,1309479,0,368117.0,1474926.0,368117.0,1474926.0,368117.0,1474926.0,368117.0,1474926.0
2023-02-02,0050,242000,52000,120000,0,174000,564875000,20003000,0,0,0,20003000,1342148,0,9487388.0,305073.0,9487388.0,305073.0,9487388.0,305073.0,9487388.0,305073.0
2023-02-03,0050,174000,16000,11000,0,179000,564875000,20003000,0,121000,0,19882000,1346050,0,5306138.0,331050.0,5306138.0,331050.0,5306138.0,331050.0,5306138.0,331050.0
2023-02-06,0050,179000,18000,36000,0,161000,566125000,19882000,0,0,0,19882000,1370838,0,268958.0,5356545.0,268958.0,5356545.0,268958.0,5356545.0,268958.0,5356545.0
2023-02-07,0050,161000,33000,25000,0,169000,566125000,19882000,0,500000,0,19382000,1373336,0,515397.0,3487000.0,515397.0,3487000.0,515397.0,3487000.0,515397.0,3487000.0
2023-02-08,0050,169000,78000,14000,0,233000,566500000,19382000,150000,50000,0,19482000,1377315,0,1766411.0,290130.0,1766411.0,290130.0,1766411.0,290130.0,1766411.0,290130.0
2023-02-09,0050,233000,37000,17000,0,253000,566500000,19482000,0,0,0,19482000,1351446,0,195282.0,652747.0,195282.0,652747.0,195282.0,652747.0,195282.0,652747.0
2023-02-10,0050,253000,40000,15000,0,278000,566625000,19482000,36000,0,0,19518000,1351672,0,1584217.0,322392.0,1584217.0,322392.0,1584217.0,322392.0,1584217.0,322392.0
2023-02-13,0050,278000,24000,26000,0,276000,566625000,19518000,42000,0,0,19560000,1320684,0,169860.0,599470.0,169860.0,599470.0,169860.0,599470.0,169860.0,599470.0
2023-02-14,0050,276000,20000,6000,0,290000,566125000,19560000,0,388000,0,19172000,1306560,0,4075794.0,90200.0,4075794.0,90200.0,4075794.0,90200.0,4075794.0,90200.0
2023-02-15,0050,290000,39000,76000,0,253000,566125000,19172000,1210000,0,0,20382000,1335512,0,111511.0,5893020.0,111511.0,5893020.0,111511.0,5893020.0,111511.0,5893020.0
2023-02-16,0050,253000,53000,11000,0,295000,567250000,20382000,1140000,0,0,21522000,1351103,0,359681.0,4175753.0,359681.0,4175753.0,359681.0,4175753.0,359681.0,4175753.0
2023-02-17,0050,295000,27000,39000,0,283000,564750000,21522000,1159000,292000,0,22389000,1366775,0,172896.0,5773100.0,172896.0,5773100.0,172896.0,5773100.0,172896.0,5773100.0
2023-02-20,0050,283000,33000,24000,0,292000,566000000,22389000,4000,0,0,22393000,1373310,0,300727.0,1539110.0,300727.0,1539110.0,300727.0,1539110.0,300727.0,1539110.0
2023-02-21,0050,292000,10000,19000,0,283000,566000000,22393000,20000,6000,0,22407000,1345877,0,160614.0,1727070.0,160614.0,1727070.0,160614.0,1727070.0,160614.0,1727070.0
2023-02-22,0050,283000,49000,34000,0,298000,569125000,22407000,46000,0,0,22453000,1338207,0,694245.0,8874000.0,694245.0,8874000.0,694245.0,8874000.0,694245.0,8874000.0
2023-02-23,0050,298000,76000,12000,0,362000,569875000,22453000,40000,2509000,0,19984000,3990206,0,748638.0,638000.0,748638.0,638000.0,748638.0,638000.0,748638.0,638000.0
2023-02-24,0050,362000,18000,8000,0,372000,571125000,19984000,631000,0,0,20615000,3895764,0,152957.0,2119060.0,152957.0,2119060.0,152957.0,2119060.0,152957.0,2119060.0
2023-03-01,0050,372000,34000,36000,0,370000,571125000,20615000,728000,0,0,21343000,3833608,0,294109.0,2899650.0,294109.0,2899650.0,294109.0,2899650.0,294109.0,2899650.0
2023-03-02,0050,370000,17000,8000,0,379000,571125000,21343000,275000,1341000,0,20277000,3747157,0,172640.0,1027008.0,172640.0,1027008.0,172640.0,1027008.0,172640.0,1027008.0
2023-03-03,0050,379000,11000,15000,0,375000,571125000,20277000,111000,28000,0,20360000,3662305,0,292436.0,970510.0,292436.0,970510.0,292436.0,970510.0,292436.0,970510.0
2023-03-06,0050,375000,20000,16000,0,379000,571125000,20360000,40000,772000,0,19628000,3603866,0,1481639.0,383100.0,1481639.0,383100.0,1481639.0,383100.0,1481639.0,383100.0
2023-03-07,0050,379000,32000,7000,0,404000,571250000,19628000,40000,0,0,19668000,3558534,0,1020638.0,800946.0,1020638.0,800946.0,1020638.0,800946.0,1020638.0,800946.0
2023-03-08,0050,404000,10000,3000,0,411000,571250000,19668000,0,0,0,19668000,3467565,0,65680.0,4292614.0,65680.0,4292614.0,65680.0,4292614.0,65680.0,4292614.0
2023-03-09,0050,411000,2000,1000,0,412000,572500000,19668000,0,0,0,19668000,3400121,0,422105.0,823008.0,422105.0,823008.0,422105.0,823008.0,422105.0,823008.0
2023-03-10,0050,412000,27000,61000,0,378000,574125000,19668000,543000,14000,0,20197000,3261183,0,590748.0,6727869.0,590748.0,6727869.0,590748.0,6727869.0,590748.0,6727869.0
2023-03-13,0050,378000,46000,32000,0,392000,575125000,20197000,364000,0,0,20561000,3172104,0,786402.0,4494288.0,786402.0,4494288.0,786402.0,4494288.0,786402.0,4494288.0
2023-03-14,0050,392000,14000,56000,0,350000,575125000,20561000,292000,0,0,20853000,3147555,0,1824249.0,7914100.0,1824249.0,7914100.0,1824249.0,7914100.0,1824249.0,7914100.0
2023-03-15,0050,350000,67000,11000,0,406000,576125000,20853000,438000,21000,0,21270000,2830383,0,4843171.0,2632009.0,4843171.0,2632009.0,4843171.0,2632009.0,4843171.0,2632009.0
2023-03-16,0050,406000,48000,26000,0,428000,576125000,21270000,1408000,48000,0,22630000,2772476,0,904077.0,4828200.0,904077.0,4828200.0,904077.0,4828200.0,904077.0,4828200.0
2023-03-17,0050,428000,116000,18000,0,526000,576125000,22630000,636000,15000,0,23251000,2814318,0,4169137.0,558000.0,4169137.0,558000.0,4169137.0,558000.0,4169137.0,558000.0
2023-03-20,0050,526000,24000,36000,0,514000,576250000,23251000,359000,498000,0,23112000,2727643,0,190277.0,3855150.0,190277.0,3855150.0,190277.0,3855150.0,190277.0,3855150.0
2023-03-24,0050,499000,33000,15000,0,517000,574500000,23198000,51000,606000,0,22643000,2792518,0,8459974.0,731837.0,8459974.0,731837.0,8459974.0,731837.0,8459974.0,731837.0
2023-03-24,0050,499000,33000,15000,0,517000,574500000,23198000,51000,606000,0,22643000,2792518,0,8459974.0,731837.0,8459974.0,731837.0,8459974.0,731837.0,8459974.0,731837.0
2023-03-24,0050,499000,33000,15000,0,517000,574500000,23198000,51000,606000,0,22643000,2792518,0,8459974.0,731837.0,8459974.0,731837.0,8459974.0,731837.0,8459974.0,731837.0
2023-03-24,0050,499000,33000,15000,0,517000,574500000,23198000,51000,606000,0,22643000,2792518,0,8459974.0,731837.0,8459974.0,731837.0,8459974.0,731837.0,8459974.0,731837.0
2023-03-24,0050,499000,33000,15000,0,517000,574500000,23198000,51000,606000,0,22643000,2792518,0,8459974.0,731837.0,8459974.0,731837.0,8459974.0,731837.0,8459974.0,731837.0
